WAAS Subset Event Id,Local Event Date,Aircraft,Aircraft Operator,Event Location,Crew Fatalities,Crew Injured,Crew Aboard,PAX Fatalities,PAX Injuries,PAX Aboard
J1990003,1990-01-25,BOEING 707-320B,AVIANCA,"COVE NECK,  LONG ISLAND,  NEW YORK, US",8,1,9,65,80,149
J1990004,1990-02-14,AIRBUS A320-230,INDIAN AIRLINES,"HINDUSTAN AP.,  BANGALORE, IN",4,1,7,88,21,139
J1990014,1990-05-11,BOEING 737-300,PHILIPPINE AIRLINES,"NINOY AQUINO INTL. AP.,  MANILA, PH",0,0,6,8,0,113
J1990023,1990-10-02,BOEING 757-200,CHINA SOUTHERN AIRLINES,"BAIYUN AP.,  GUANGZHOU, CN",0,0,12,46,34,110
J1990024,1990-10-02,BOEING 737-200 ADV.,XIAMEN AIRLINES,"BAIYUN AP.,  GUANGZHOU, CN",7,2,9,75,16,93
J1990030,1990-11-14,DOUGLAS DC-9-32,ALITALIA,"MOUNT STADLERBERG, NR. ZURICH, CH",6,0,6,40,0,40
J1990035,1990-12-03,DOUGLAS DC-9-14,NORTHWEST AIRLINES,"WAYNE COUNTY AP.,  DETROIT,  MICHIGAN, US",1,0,4,7,10,40
J1991002,1991-02-01,BOEING 737-300,USAIR,"LOS ANGELES INTL. AP.,  LOS ANGELES,  CALIFORNIA, US",2,2,6,20,11,83
J1991006,1991-02-20,"BRITISH AEROSPACE 
146-200",LAN CHILE,"GUARDIAMARINA SANARTU,  PUERTO WILLIAMS,  NAVARINO ISLAND, CL",0,0,7,20,2,65
J1991009,1991-03-03,BOEING 737-200 ADV.,UNITED AIRLINES,"NR. COLORADO SPRINGS MUNICIPAL AP.,  COLORADO SPRINGS,  COLORADO, US",5,0,5,20,0,20
J1991011,1991-03-05,DOUGLAS DC-9-32,LAV - AEROPOSTAL,"MOUNT LA AGUADA, NR. VALESA, VE",5,0,5,40,0,40
J1991020,1991-05-26,BOEING 767-300ER,LAUDA AIR,"DAN CHANG DISTRICT, 177KM NW OF  BANGKOK, TH",10,0,10,213,0,213
J1991027,1991-06-26,BAC ONE-ELEVEN 400,OKADA AIR,"NR. SOKOTO, NG",0,0,5,4,7,48
J1991032,1991-07-11,DOUGLAS DC-8-61,NATIONAIR CANADA,"KING ABDULAZIZ INTL. AP.,  JEDDAH, SA",14,0,14,247,0,247
J1991034,1991-08-16,BOEING 737-200 ADV.,INDIAN AIRLINES,"THANGJING HILL, NR. IMPHAL, IN",6,0,6,63,0,63
J1992005,1992-01-20,AIRBUS A320-110,AIR INTER,"MONT SAINT ODILE, NR. STRASBOURG, FR",5,1,6,82,4,90
J1992021,1992-03-22,FOKKER F.28-4000,USAIR,"LA GUARDIA AP.,  NEW YORK,  NEW YORK, US",2,1,4,25,8,47
J1992026,1992-06-06,BOEING 737-200 ADV.,COPA PANAMA,"NR. TOCUTI, PA",7,0,7,40,0,40
J1992031,1992-07-31,AIRBUS A310-300,THAI INTERNATIONAL,"MOUNT TALAKU SHIR, NR. KATHMANDU, NP",14,0,14,99,0,99
J1992036,1992-09-28,AIRBUS A300 B4-200,PAKISTAN INTERNATIONAL AIRLINES,"NR. TRIBHUVAN INTL. AP.,  KATHMANDU, NP",12,0,12,155,0,155
J1992049,1992-11-24,BOEING 737-300,CHINA SOUTHERN AIRLINES,"NR. GUILIN, CN",8,0,8,133,0,133
J1992055,1992-12-21,DOUGLAS DC-10-30CF,MARTINAIR HOLLAND,"FARO AP.,  FARO, PT",2,2,13,54,104,327
J1992056,1992-12-22,BOEING 727-200 ADV.,LIBYAN ARAB AIRLINES,"NR. TRIPOLI, LY",10,0,10,147,0,147
J1993004,1993-03-05,FOKKER 100,PALAIR MACEDONIAN,"PETROVAC AP.,  SKOPJE, MK",4,0,5,79,13,92
J1993011,1993-04-06,DOUGLAS MD-11,CHINA EASTERN AIRLINES,"IN FLIGHT OFF SHEMYA,  ALEUTIAN ISLANDS,  ALASKA, US",0,1,16,2,14,248
J1993014,1993-04-26,BOEING 737-200 ADV.,INDIAN AIRLINES,"CHIKKALTHANA AP.,  AURANGABAD, IN",4,0,6,52,15,112
J1993017,1993-05-19,BOEING 727-100,SAM COLOMBIA,"MT PARAMO FRONTINO, NR. MEDELLIN, CO",7,0,7,125,0,125
J1993023,1993-07-01,FOKKER F.28-3000,MERPATI NUSANTARA AIRLINES,"NR. JEFMAN AP.,  SORONG,  IRIAN JAYA, ID",4,0,4,37,2,39
J1993028,1993-07-23,"BRITISH AEROSPACE 
146-300",CHINA NORTHWEST AIRLINES,"YINCHUAN AP.,  YINCHUAN, CN",1,2,5,54,14,108
J1993030,1993-07-26,BOEING 737-500,ASIANA AIRLINES,"NR. MOKPO, KR",4,2,6,64,24,104
J1993042,1993-09-14,AIRBUS A320-210,LUFTHANSA,"OKECIE AP.,  WARSAW, PL",1,1,6,1,8,64
J1993044,1993-10-26,DOUGLAS MD-82,CHINA EASTERN AIRLINES,"FUZHOU AP.,  FUZHOU,  FUJIAN PROVINCE, CN",0,1,9,2,12,71
J1993048,1993-11-13,DOUGLAS MD-82,CHINA NORTHERN AIRLINES,"URUMQI AP.,  URUMQI,  XINJIANG, CN",4,0,10,8,7,92
J1994007,1994-03-23,AIRBUS A310-300,AEROFLOT RUSSIAN INTERNATIONAL AIRLINES,"NR. MEZHDURECHENSK, 76KM E OF  NOVOKUZNETSK,  KEMEROSKOI, RU",12,0,12,63,0,63
J1994010,1994-04-26,AIRBUS A300-620R,CHINA AIRLINES,"KOMAKI AP.,  NAGOYA, JP",15,0,15,249,7,256
J1994018,1994-07-01,FOKKER F.28-6000,AIR MAURITANIE,"TIDJIKJA AP.,  TIDJIKJA, MR",4,0,4,76,9,89
J1994019,1994-07-02,DOUGLAS DC-9-31,USAIR,"CHARLOTTE-DOUGLAS INTL. AP.,  CHARLOTTE,  NORTH CAROLINA, US",0,2,5,37,14,52
J1994028,1994-09-08,BOEING 737-300,USAIR,"ALIQUIPPA, 38KM NW OF  PITTSBURGH,  PENNSYLVANIA, US",5,0,5,127,0,127
J1994030,1994-09-18,BAC ONE-ELEVEN 500,ORIENTAL AIRLINES,"AGUENAR AP.,  TAMANRASSET, DZ",3,4,7,2,30,32
J1994036,1994-10-12,FOKKER F.28-1000,IRAN ASSEMAN AIRLINES,"KARKAS MOUNTAINS, NR. NATANZ, IR",7,0,7,59,0,59
J1994047,1994-12-11,BOEING 747-200BM,PHILIPPINE AIRLINES,"NR. MINAMI DAITO ISLAND, 300KM E OF  OKINAWA, JP",0,0,20,1,0,273
J1994053,1994-12-29,BOEING 737-400,THY - TURKISH AIRLINES,"NR. VAN AP.,  VAN, TR",5,2,7,52,17,69
J1994054,1994-12-24,AIRBUS A300 B2-100,AIR FRANCE,"HOUARI BOUMEDIENE AP.,  ALGIERS, DZ",0,1,12,3,0,227
J1995002,1995-01-11,DOUGLAS DC-9-14,INTERCONTINENTAL COLOMBIA,"MARIA LA BAJA, 40KM S OF  CARTAGENA, CO",5,0,5,46,1,47
J1995012,1995-03-31,AIRBUS A310-320,TAROM,"NR. OTOPENI AP.,  BUCHAREST, RO",10,0,10,50,0,50
J1995014,1995-12-20,BOEING 757-200,AMERICAN AIRLINES,"MT. EL DELUVIO, NR. BUGA, CO",8,0,8,152,4,156
J1995084,1995-08-09,BOEING 737-200 ADV.,AVIATECA,"MT. CHICHONTEPEC, NR. SAN SALVADOR, SV",7,0,7,58,0,58
J1995090,1995-11-13,BOEING 737-200 ADV.,NIGERIA AIRWAYS,"KADUNA AP.,  KADUNA, NG",0,0,8,9,4,129
J1995094,1995-12-03,BOEING 737-200 ADV.,CAMEROON AIRLINES,"NR. DOUALA, CM",4,2,6,68,4,72
J1996006,1996-02-06,BOEING 757-200,BIRGENAIR,"IN ATLANTIC OCEAN, 22KM N OF  PUERTO PLATA, DO",13,0,13,176,0,176
J1996007,1996-02-29,BOEING 737-200,FAUCETT,"NR. RODRIQUEZ BALLON AP.,  AREQUIPA, PE",6,0,6,117,0,117
J19960077,1996-09-05,BOEING 747-400,AIR FRANCE,"NR. OUAGADOUGOU, BF",0,0,18,1,2,206
J1996014,1996-05-11,DOUGLAS DC-9-32,VALUJET,"IN EVERGLADES, 25KM W OF  OPA LOCKA,  FLORIDA, US",5,0,5,105,0,105
J1996024,1996-06-13,DOUGLAS DC-10-30,GARUDA INDONESIA,"FUKUOKA AP.,  FUKUOKA,  FUKUOKA PREFECTURE, JP",0,2,15,3,16,260
J1996025,1996-07-17,BOEING 747-100,TRANS WORLD AIRLINES,"OFF MORICHES INLET, NR. MASTIC BEACH,  NEW YORK, US",18,0,18,212,0,212
J1996027,1996-07-06,DOUGLAS MD-88,DELTA AIR LINES,"PENSACOLA REGIONAL AP.,  PENSACOLA,  FLORIDA, US",0,0,5,2,2,137
J1996031,1996-10-02,BOEING 757-200,AERO PERU,"IN SEA, OFF ANCON, PE",9,0,9,61,0,61
J1996038,1996-10-31,FOKKER 100,TAM - TRANSPORTES AÉREOS REGIONAIS SA,"PARQUE JABAQUARA DISTRICT,  SAO PAULO, BR",6,0,6,89,0,89
J1996039,1996-11-12,BOEING 747-100B,SAUDI ARABIAN AIRLINES,"NR. CHARKHI DADRI, 83KM W OF  DELHI, IN",23,0,23,289,0,289
J1996040,1996-11-07,BOEING 727-200,ADC AIRLINES,"EJIRIN LAGOON, 40KM ENE OF  LAGOS, NG",9,0,9,134,0,134
J1996042,1996-11-23,BOEING 767-200ERM,ETHIOPIAN AIRLINES,"OFF LE GALAWA BEACH, 25KM N OF  MORONI,  GRANDE COMORE ISLAND, KM",10,0,12,117,5,163
J1997011,1997-05-08,BOEING 737-300,CHINA SOUTHERN AIRLINES,"HUANGTIAN INTL. AP.,  SHENZHEN,  GUANGDONG, CN",2,0,9,33,0,65
J1997020,1997-07-09,FOKKER 100,TAM - TRANSPORTES AÉREOS REGIONAIS SA,"NR. SUZANO, BR",0,0,5,1,0,55
J1997024,1997-08-06,BOEING 747-300,KOREAN AIR,"NIMITZ HILL, NR. AGANA, GU",14,3,17,215,22,237
J1997037,1997-09-26,AIRBUS A300 B4-220F,GARUDA INDONESIA,"NR. MEDAN, ID",12,0,12,222,0,222
J1997040,1997-10-10,DOUGLAS DC-9-32,AUSTRAL,"ARROYO SANCHEZ, NR. FRAY BENTOS, UY",5,0,5,69,0,69
J1997051,1997-12-19,BOEING 737-300,SILKAIR,"MUSI RIVER,, 56KM FROM  PALEMBANG, ID",7,0,7,97,0,97
J1997052,1997-12-28,BOEING 747-100,UNITED AIRLINES,"1750KM E OF  TOKYO, JP",0,3,19,1,15,374
J1998003,1998-02-02,DOUGLAS DC-9-32,CEBU PACIFIC AIR,"MT SUMAGAYA, NR. CAGAYAN DE ORO,  MINDANAO, PH",5,0,5,99,0,99
J1998007,1998-02-16,AIRBUS A300-620R,CHINA AIRLINES,"CHIANG KAI SHEK INTL. AP.,  TAIPEI, TW",14,0,14,182,0,182
J1998014,1998-03-19,BOEING 727-200 ADV.,ARIANA AFGHAN AIRLINES,"MT. SHAKHI BARANTA, NR. KABUL, AF",10,0,10,35,0,35
J1998019,1998-04-20,BOEING 727-200 ADV.,TAME ECUADOR,"CERRO EL CABLE, NR. BOGOTA, CO",10,0,10,43,0,43
J1998041,1998-09-02,DOUGLAS MD-11,SWISSAIR,"IN SEA, 9KMOF FF PEGGY'S COVE,  NOVA SCOTIA, CA",14,0,14,215,0,215
J1998046,1998-09-25,"BRITISH AEROSPACE 
146-100",PAUKN AIR,"CAP TRES FORCAS AREA, NR. MELILLA, MA",4,0,4,34,0,34
J1998057,1998-10-10,BOEING 727-100,CONGO AEROSPACE,"NR. KINDU, CD",3,0,3,38,0,38
J1998067,1998-12-11,AIRBUS A310-200,THAI INTERNATIONAL,"SURAT THANI AP.,  SURAT THANI, TH",11,0,14,91,0,132
J1999053,1999-06-01,DOUGLAS MD-82,AMERICAN AIRLINES,"NATIONAL AP. (ADAMS FIELD),  LITTLE ROCK,  ARKANSAS, US",1,4,6,10,41,139
J1999062,1999-08-24,DOUGLAS MD-90-30,UNI AIR,"HUALIEN AP.,  HUALIEN, TW",0,0,6,1,13,90
J1999064,1999-08-31,BOEING 737-200C,LAPA,"AEROPARQUE JORGE NEWBERY,  BUENOS AIRES, AR",3,0,5,60,15,95
J1999068,1999-08-22,DOUGLAS MD-11,CHINA AIRLINES,"CHEP LAP KOK INTL. AP.,  HONG KONG, HK",0,6,15,3,44,300
J1999069,1999-09-14,BOEING 757-200,BRITANNIA AIRWAYS,"COSTA BRAVA AP.,  GERONA, ES",0,0,9,1,2,236
J1999080,1999-10-31,BOEING 767-300ER,EGYPTAIR,"NORTH ATLANTIC OCEAN, 100KM S OF  NANTUCKET ISLAND,  MASSACHUSETTS, US",14,0,14,203,0,203
J1999081,1999-11-09,DOUGLAS DC-9-31CF(M),TAESA,"NR. URUAPAN, MX",5,0,5,13,0,13
J1999092,1999-12-21,DOUGLAS DC-10-30,CUBANA,"LA AURORA AP.,  GUATEMALA CITY, GT",8,0,18,8,0,296
J2000001,2000-01-31,DOUGLAS MD-83,ALASKA AIRLINES,"IN SEA, OFF POINT MUGU,  CALIFORNIA, US",5,0,5,83,0,83
J2000002,2000-01-30,AIRBUS A310-300,KENYA AIRWAYS,"IN SEA, OFF ABIDJAN, CI",10,0,10,159,0,169
J2000024,2000-04-19,BOEING 737-200 ADV.,AIR PHILIPPINES,"SAMAL ISLAND, NR. DAVAO, PH",7,0,7,124,0,124
J2000039,2000-07-25,BAC/SUD CONCORDE,AIR FRANCE,"GONESSE, NR. PARIS, FR",9,0,9,100,0,100
J2000040,2000-07-17,BOEING 737-200 ADV.,ALLIANCE AIR,"GARDANIBAGH DISTRICT,  PATNA, IN",6,0,6,49,2,52
J2000045,2000-08-23,AIRBUS A320-210,GULF AIR,"NR. AL MANAMA, BH",8,0,8,135,0,135
J2000052,2000-10-31,BOEING 747-400,SINGAPORE AIRLINES,"CHIANG KAI SHEK INTL. AP.,  TAIPEI, TW",4,4,20,79,35,159
J2001065,2001-09-11,BOEING 767-200ER,AMERICAN AIRLINES,"NORTH TOWER, WORLD TRADE CENTER,  NEW YORK,  NEW YORK, US",11,0,11,81,0,81
J2001066,2001-09-11,BOEING 757-200,AMERICAN AIRLINES,"THE PENTAGON,  ARLINGTON,  VIRGINIA, US",6,0,6,58,0,58
J2001067,2001-09-11,BOEING 757-200,UNITED AIRLINES,"STONEY CREEK TOWNSHIP, NR. SOMERSET,  PENNSYLVANIA, US",7,0,7,37,0,37
J2001068,2001-09-11,BOEING 767-200,UNITED AIRLINES,"SOUTH TOWER, WORLD TRADE CENTER,  NEW YORK,  NEW YORK, US",9,0,9,56,0,56
J2001072,2001-10-08,DOUGLAS MD-87,SAS,"LINATE AP.,  MILAN, IT",6,0,6,104,0,104
J2001080,2001-11-12,AIRBUS A300-600R,AMERICAN AIRLINES,"BELLE HARBOR, QUEENS,  NEW YORK,  NEW YORK, US",9,0,9,251,0,251
J2001081,2001-09-15,FOKKER 100,TAM LINHAS AEREAS,"132KM FROM  BELO HORIZONTE, BR",0,0,6,1,0,82
J2001082,2001-11-24,AVRO RJ100,CROSSAIR,"GEISSBUHL, NR. ZURICH, CH",3,1,5,21,4,28
J2002003,2002-01-28,BOEING 727-100,TAME ECUADOR,"VOLCAN CUMBAL, NR. IPIALES, CO",9,0,9,83,0,83
J2002015,2002-04-15,BOEING 767-200ER,AIR CHINA,"NR. KIMHAE INTL. AP.,  PUSAN, KR",8,3,11,120,25,155
J2002017,2002-05-04,BAC ONE-ELEVEN 500,EAS AIRLINES,"GWAMMAJA DISTRICT,  KANO, NG",6,1,7,67,1,70
J2002018,2002-05-07,BOEING 737-500,EGYPTAIR,"NR. TUNIS, TN",3,0,6,11,0,56
J2002019,2002-05-07,DOUGLAS MD-82,CHINA NORTHERN AIRLINES,"IN SEA, OFF DALIAN, CN",9,0,9,103,0,103
J2002022,2002-05-25,BOEING 747-200B,CHINA AIRLINES,"IN SEA, 38KM N OF  PENGHU ISLANDS, TW",19,0,19,206,0,206
J2003002,2003-01-08,AVRO RJ100,THY - TURKISH AIRLINES,"DIYARBAKIR, TR",5,0,5,70,5,75
J2003003,2003-01-09,FOKKER F.28-1000,TANS-TRANSPORTES AEREOS NACIONALES DE LA SELVA,"CERRO COLORQUE, NR. CHACHAPOYAS, PE",5,0,5,41,0,41
J2003014,2003-03-06,BOEING 737-200 ADV.,AIR ALGERIE,"AGUENAR AP.,  TAMANRASSET, DZ",6,0,6,97,1,98
J2003119,2003-07-08,BOEING 737-200C ADV.,SUDAN AIRWAYS,"NR. PORT SUDAN, SD",11,0,11,105,1,106
J2003155,2003-12-25,BOEING 727-200 ADV.,UTA GUINEE,"CADJEHOUN AP.,  COTONOU, BJ",5,5,10,136,17,153
J2004001,2004-01-03,BOEING 737-300,FLASH AIRLINES,"IN MADIQ TIRAN, OFF SHARM EL-SHEIKH, EG",7,0,7,141,0,141
J2004068,2004-11-21,CANADAIR RJ 200LR,CHINA EASTERN AIRLINES YUNNAN,"BAOTOU AP.,  BAOTOU, CN",6,0,6,47,0,47
J2004072,2004-11-30,DOUGLAS MD-82,LION AIRLINES,"ADI SUMARMO AP.,  SOLO,  JAVA, ID",2,3,7,23,56,156
J2005007,2005-02-03,BOEING 737-200 ADV.,KAM AIR,"CHAPERI GHAR, NR. KABUL, AF",6,0,6,98,0,98
J2005022,2005-04-20,BOEING 707-320C,SAHA AIR,"MEHRABAD INTL. AP.,  TEHRAN, IR",0,0,16,3,0,157
J2005050,2005-08-14,BOEING 737-300,HELIOS AIRWAYS,"NR. GRAMMATIKOS, GR",6,0,6,115,0,115
J2005051,2005-08-16,DOUGLAS MD-82,WEST CARIBBEAN AIRWAYS,"NR. MACHIQUES,  ZULIA, VE",8,0,8,152,0,152
J2005053,2005-08-23,BOEING 737-200 ADV.,TANS-TRANSPORTES AEREOS NACIONALES DE LA SELVA,"NR. PUCALLPA, PE",5,0,7,35,0,91
J2005062,2005-09-05,BOEING 737-200 ADV.,MANDALA AIRLINES,"POLONIA AP.,  MEDAN,  SUMATRA, ID",5,0,5,95,15,112
J2005068,2005-10-22,BOEING 737-200 ADV.,BELLVIEW AIRLINES,"NR. LISA, NG",6,0,6,111,0,111
J2005083,2005-12-10,DOUGLAS DC-9-32,SOSOLISO AIRLINES,"PORT HARCOURT INTL. AP.,  PORT HARCOURT, NG",7,0,7,101,2,103
J2006015,2006-05-03,AIRBUS A320-210,ARMAVIA,"IN BLACK SEA, OFF SOCHI, RU",8,0,8,105,0,105
J2006041,2006-07-09,AIRBUS A310-320,S7 AIRLINES,"IRKUTSK INTL. AP.,  IRKUTSK, RU",5,3,8,120,38,195
J2006052,2006-08-27,CANADAIR RJ 100,COMAIR,"BLUE GRASS AP.,  LEXINGTON,  KENTUCKY, US",2,1,3,47,0,47
J2006065,2006-09-29,BOEING 737-800,GOL LINHAS AEREAS,"NR. PEIXOTE AZEVEDO, BR",6,0,6,148,0,148
J2006068,2006-10-10,"BRITISH AEROSPACE 
146-200",ATLANTIC AIRWAYS (FAROE ISLANDS),"SORSTOKKEN AP.,  STORD, NO",1,0,3,3,6,13
J2006078,2006-10-29,BOEING 737-200 ADV.,ADC AIRLINES,"ABUJA INTL. AP.,  ABUJA, NG",4,1,5,92,7,100
J2007001,2007-01-01,BOEING 737-400,ADAM AIR,"MAKASSAR STRAIT, OFF MAKASSAR, ID",6,0,6,96,0,96
J2007017,2007-03-07,BOEING 737-400,GARUDA INDONESIA,"ADISUTJIPTO AP.,  YOGYAKARTA,  JAWA, ID",1,1,7,20,11,133
J2007030,2007-05-05,BOEING 737-800,KENYA AIRWAYS,"NR. DOUALA, CM",6,0,6,108,0,108
J2007044,2007-06-28,BOEING 737-200 ADV.,TAAG - ANGOLA AIRLINES,"M'BANZA CONGO AP.,  M'BANZA CONGO, AO",1,0,7,4,0,78
J2007050,2007-07-17,AIRBUS A320-230,TAM LINHAS AEREAS,"CONGONHAS INTL. AP.,  SAO PAULO, BR",6,0,6,181,0,181
J2007065,2007-09-16,DOUGLAS MD-82,ONE-TWO-GO,"PHUKET INTL. AP.,  PHUKET, TH",5,2,7,85,38,123
J2007085,2007-11-30,DOUGLAS MD-83,ATLASJET AIRLINES,"NR. ISPARTA, TR",7,0,7,50,0,50
J2008024,2008-04-15,DOUGLAS DC-9-51,HEWA BORA AIRWAYS,"GOMA INTL. AP.,  GOMA, CD",0,0,7,15,58,79
J2008036,2008-05-30,AIRBUS A320-230,TACA INTERNATIONAL AIRLINES,"TONCONTIN INTL. AP.,  TEGUCIGALPA, HN",1,0,6,2,60,129
J2008037,2008-06-10,AIRBUS A310-320,SUDAN AIRWAYS,"KHARTOUM INTL. AP.,  KHARTOUM, SD",1,0,11,29,0,203
J2008063,2008-08-20,DOUGLAS MD-82,SPANAIR,"BARAJAS INTL. AP.,  MADRID, ES",6,0,6,148,18,166
J2008064,2008-08-24,BOEING 737-200 ADV.,ITEK AIR,"DZHANY-DZHER, NR. BISHKEK, KG",0,0,6,65,0,84
J2008071,2008-09-14,BOEING 737-500,AEROFLOT-NORD,"NR. PERM, RU",6,0,6,82,0,82
J2009012,2009-02-25,BOEING 737-800,TURKISH AIRLINES (THY),"NR. SCHIPHOL AP.,  AMSTERDAM, NL",4,0,7,5,28,127
J2009031,2009-06-01,AIRBUS A330-200,AIR FRANCE,"ATLANTIC OCEAN, NE OF  NATAL, BR",12,0,12,216,0,216
J2009089,2009-06-30,AIRBUS A310-320,YEMENIA,"IN SEA, OFF GRAND COMORE ISLAND, KM",11,0,11,141,1,142
J2009129,2009-11-12,CANADAIR RJ 100,RWANDAIR,"GREGOIRE KAYIBANDA AP.,  KIGALI, RW",0,2,5,1,0,10
J2010007,2010-01-25,BOEING 737-800,ETHIOPIAN AIRLINES,"IN MEDITERRANEAN SEA, OFF NAAMEH, LB",8,0,8,82,0,82
J2010043,2010-05-12,AIRBUS A330-200,AFRIQIYAH AIRWAYS,"TRIPOLI, LY",11,0,11,92,1,93
J2010045,2010-05-22,BOEING 737-800,AIR INDIA EXPRESS,"BAJPE AP.,  MANGALORE, IN",6,0,6,152,3,160
J2010059,2010-07-28,AIRBUS A321-230,AIRBLUE,"MARGALLA HILLS, NR. ISLAMABAD, PK",6,0,6,146,0,146
J2010067,2010-08-16,BOEING 737-700,AIRES COLOMBIA,"SESQUICENTENARIO AP.,  SAN ANDRES ISLAND, CO",0,0,6,2,12,125
J2010071,2010-08-24,EMBRAER 190 LR,HENAN AIRLINES,"LINDU AP.,  YICHUN CITY, CN",3,1,5,39,17,91
J2011001,2011-01-09,BOEING 727-200 ADV.,IRAN AIR,"NR. ORUMIYEH, IR",9,1,10,69,26,95
J2011015,2011-04-04,CANADAIR RJ 100,AIRZENA - GEORGIAN AIRWAYS,"N'DJILI INTL. AP.,  KINSHASA, CD",4,0,4,28,1,29
J2011038,2011-07-08,BOEING 727-100,HEWA BORA AIRWAYS,"BANGOKA INTL. AP.,  KISANGANI, CD",4,0,6,79,0,112
J2011045,2011-08-20,BOEING 737-200 ADV.,FIRST AIR,"NR. RESOLUTE BAY,  NUNAVUT, CA",4,0,4,8,3,11
J2012014,2012-04-20,BOEING 737-200 ADV.,BHOJA AIR,"HUSSAIN ABAD, NR. ISLAMABAD, PK",6,0,6,121,0,121
J20120195,2012-12-25,FOKKER 100,AIR BAGAN,"HEHO, MM",0,2,6,1,7,65
J2012025,2012-06-03,DOUGLAS MD-83,DANA AIR,"LAGOS, NG",6,0,6,147,0,147
J20130001,2013-01-29,CANADAIR RJ 200LR,SCAT,"ALMATY INTL. AP.,  ALMATY, KZ",5,0,5,16,0,16
J20130030,2013-07-06,BOEING 777-200ER,ASIANA AIRLINES,"SAN FRANCISCO INTL. AP.,  SAN FRANCISCO,  CALIFORNIA, US",0,6,16,3,41,291
J20130055,2013-11-17,BOEING 737-500,TATARSTAN AIR,"KAZAN AP.,  KAZAN, RU",6,0,6,44,0,44
J20130058,2013-11-29,EMBRAER 190 AR,LINHAS AEREAS DE MOCAMBIQUE,"BWABWATA NATIONAL PARK, 200KM E OF  RUNDU, NA",6,0,6,27,0,27
J20140018,2014-03-08,BOEING 777-200ER,MALAYSIA AIRLINES,"MISSING,  SOUTHERN INDIAN OCEAN, 00",12,0,12,227,0,227
J20140054,2014-06-24,AIRBUS A310-320,PAKISTAN INTERNATIONAL AIRLINES,"PESHAWAR AP.,  PESHAWAR, PK",0,1,12,1,0,178
J20140061,2014-07-17,BOEING 777-200ER,MALAYSIA AIRLINES,"NR. HRABOVE, 80KM ENE OF  DONETSK, UA",15,0,15,283,0,283
J20140069,2014-07-24,DOUGLAS MD-83,AIR ALGERIE,"SE OF  GOSSI, ML",6,0,6,110,0,110
J20140107,2014-12-28,AIRBUS A320-210,INDONESIA AIRASIA,"KARIMATA STRAIT, OFF PULAU BELITUNG, ID",6,0,6,156,0,156
J20150010,2015-03-24,AIRBUS A320-210,GERMANWINGS,"NR. PRADS-HAUTE-BLEONE,  ALPES-DE-HAUTE PROVENCE, FR",6,0,6,144,0,144
J20150058,2015-10-31,AIRBUS A321-230,METROJET,"SINAI DESERT, 113KM S OF  AL-ARISH, EG",7,0,7,217,0,217
J20160003,2016-02-02,AIRBUS A321-110,DAALLO AIRLINES,"NR. MOGADISHU, SO",0,0,7,1,1,74
J20160014,2016-03-19,BOEING 737-800,FLYDUBAI,"ROSTOV-ON-DON AP.,  ROSTOV-ON-DON,  ROSTOV OBLAST, RU",7,0,7,55,0,55
J20160029,2016-05-19,AIRBUS A320-230,EGYPTAIR,"IN MEDITERRANEAN SEA, 283KMM N OF  ALEXANDRIA, EG",7,0,7,59,0,59
S1990001,1990-01-13,TUPOLEV TU-134A,AEROFLOT - PRIVOLZHSKOYE DIRECTORATE,"NR. PERVOURALSK,  RUSSIA, SU",4,1,6,23,30,65
S1990002,1990-03-23,ANTONOV AN-26,CUBANA,"ANTONIO MACEO AP.,  SANTIAGO DE CUBA, CU",0,0,5,4,17,41
S1990006,1990-08-01,YAKOVLEV YAK-40,AEROFLOT - AZERBAIJAN DIRECTORATE,"NR. AGDAM,  AZERBAIJAN, SU",4,0,4,26,0,26
S1990007,1990-10-24,YAKOVLEV YAK-40,CUBANA,"PUNTA JARDINEIRO AREA, NR. SANTIAGO DE CUBA, CU",2,3,7,11,7,24
S1990008,1990-09-13,YAKOVLEV YAK-42,AEROFLOT - SVERDLOVSK DIRECTORATE?,"KOLTSOVO AP.,  SVERDLOVSK,  RUSSIA, SU",1,4,5,3,27,124
S19900134,1990-07-12,"PBN BN-2A 
ISLANDER",EAGLE AIR SERVICE,"UNION ISLAND AP.,  CLIFTON,  UNION ISLAND, VC",1,0,1,1,0,1
S19900196,1990-07-05,"PBN BN-2B 
ISLANDER",DOUGLAS AIRWAYS,"NR. PORT MORESBY, PG",1,0,1,7,0,11
S1990034,1990-01-26,ANTONOV AN-24RV,MONGOLIAN AIRLINES,"NR. ULIASTAI,  ZAVKHAN, MN",5,0,5,25,0,25
S1990052,1990-02-28,"PIPER PA-31T 
CHEYENNE II",AERO SAN MARTIN,"TOCACHE, PE",1,0,1,1,0,1
S1990062,1990-09-11,"CESSNA 441 
CONQUEST II",NUNA AIR A/S,"148KM SW OF  SONDRE STROMFJORD, GL",2,0,2,6,0,6
S1990070,1990-11-22,BEECH 200 KING AIR,GSW CHARTERFLUG GMBH,"MT. KELLER JOCH, NR. INNSBRUCK, AT",2,0,2,1,0,1
S1991004,1991-03-23,ANTONOV AN-24B,AEROFLOT - UZBEK DIRECTORATE?,"NAVOI AP.,  NAVOI,  UZBEKISTAN, SU",4,0,4,30,29,59
S1991005,1991-05-23,TUPOLEV TU-154B,AEROFLOT - LENINGRAD DIRECTORATE,"PULKOVO AP.,  LENINGRAD,  RUSSIA, SU",0,1,7,13,38,174
S1991006,1991-11-07,YAKOVLEV YAK-40,AEROFLOT,"NR. MAKHACHKALA,  RUSSIA, SU",4,0,4,47,0,47
S1991011,1991-11-26,ANTONOV AN-24,AEROFLOT,"BUGULMA,  RUSSIA, SU",4,0,4,37,0,37
S19910173,1991-08-06,"PBN BN-2A 
ISLANDER",AVALKI AIR,"IN SEA OFF RAROTONGA, CK",1,0,2,5,0,8
S19910174,1991-08-20,"PBN BN-2A 
ISLANDER",TEMSCO HELICOPTERS INC.,"NR. KETCHEKAN,  ALASKA, US",1,0,1,3,0,3
S19910175,1991-09-03,"PBN BN-2A 
ISLANDER",DIRGANTARA AIR SERVICE,"SAMPIT,  KALIMANTAN, ID",2,0,2,1,7,8
S19910176,1991-10-25,"PBN BN-2A-III 
TRISLANDER",BALI INTERNATIONAL AIR SERVICE,"(MISSING), ID",1,0,1,16,0,16
S19910182,1991-07-25,"PBN BN-2A 
ISLANDER",VANAIR,"NR. NOGOUGOU,  ESPIRITU SANTO, VU",1,0,1,8,0,8
S19910190,1991-05-05,"CESSNA 404 
TITAN",NILE SAFARIS AVIATION,"NR. AWEIL, SD",1,0,1,7,0,7
S1991044,1991-10-11,BEECH A90 KING AIR,AERO CONDOR SA,"RIO ALTO MADRE DE DIOS, NR. MANU,  MADRE DE DIOS, PE",1,0,1,3,0,3
S1991060,1991-10-27,COMMANDER 690C,TAE-TRANSPORTES AEREO EJECTIVO,"MISSING, EC",1,0,1,6,0,6
S1992006,1992-11-14,YAKOVLEV YAK-40,VIETNAM AIRLINES,"NR. NHA TRANG, VN",6,0,6,24,1,25
S1992010,1992-07-31,YAKOVLEV YAK-42,CHINA GENERAL AVIATION,"NAN JING AP.,  NAN JING,  JIANGSU, CN",9,1,10,98,18,116
S1992011,1992-11-15,ILYUSHIN IL-18,AEROCARIBBEAN,"LOMA DE ISABEL DE TORRES, NR. PUERTO PLATA, DO",6,0,6,28,0,28
S19920155,1992-12-15,"PBN BN-2A 
ISLANDER",MILNE BAY AIR,"NR. ALOTAU,  MILNE BAY, PG",1,0,1,5,0,5
S19920171,1992-12-09,"PBN BN-2B 
ISLANDER",AERO SUD PACIFICO,"URUAPAN,  MICHOACAN, MX",1,0,1,8,0,8
S1992019,1992-08-27,TUPOLEV TU-134A,AEROFLOT - CENTRAL REGIONS DIRECTORATE,"IVANOVO, RU",7,0,7,77,0,77
S1992020,1992-10-19,"ANTONOV (WSK-PZL MIELEC) AN-28
8",SYKTYVKAR AVIA,"UST-NEM AP.,  UST-NEM,  RUSSIA, RU",2,0,2,13,1,14
S19920220,1992-04-10,"PBN BN-2A 
ISLANDER",TAIWAN AIRLINES,"IN SEA OFF ORCHID ISLAND, TW",1,0,2,6,0,8
S1992031,1992-04-04,LET 410UVP TURBOLET,AEROFLOT,"NR. BAYKOVO,  KURIL ISLANDS, RU",0,1,2,1,9,10
S1992064,1992-10-31,"PIPER PA-42 
CHEYENNE III",ALPINE AVIATION,"GRAND JUNCTION,  COLORADO, US",1,0,1,2,0,2
S1993006,1993-06-17,ANTONOV AN-26,TAJIK AIR,"NR. CHOPORTI, 42KM FROM  TBILISI, GE",5,0,5,28,0,28
S1993008,1993-04-23,ANTONOV AN-26,MIAT,"HANGAYN NURUU MTS., NR. HUNGAY, MN",6,0,6,34,0,34
S1993010,1993-02-08,TUPOLEV TU-154M,IRAN AIR TOURS,"NR. KARAJ, NR. TEHRAN, IR",13,0,13,119,0,119
S1993012,1993-08-26,LET 410UVP TURBOLET,SAKHALIN AIRLINES - SAT,"ALDAN AP.,  ALDAN,  YAKUTIA, RU",2,0,2,22,0,22
S1993013,1993-08-27,YAKOVLEV YAK-40,TAJIK AIR,"KHOROG AP.,  KHOROG, TJ",5,0,5,77,4,81
S1993015,1993-09-21,TUPOLEV TU-134A,TRANSAIR GEORGIA,"NR. SUKHUMI, GE",5,0,5,22,0,22
S1993016,1993-09-22,TUPOLEV TU-154B,TRANSAIR GEORGIA,"BABUSHERI AP., SUKHUMI, GE",8,0,12,100,0,120
S19930232,1993-06-09,"PBN BN-2A 
ISLANDER",SOUTH WEST AIR,"GULGUBIP, PG",0,0,1,9,1,10
S19930233,1993-10-13,"PBN BN-2A 
ISLANDER",ISLAND AIRWAYS PTY LTD.,"NR. BANK,  SIMBAI VALLEY, PG",2,0,2,2,0,2
S19930234,1993-12-03,"PBN BN-2A 
ISLANDER",ARCTIC WINGS AND ROTORS LTD,"NR. TUKTOYAKTUK,  NORTHWEST TERRITORIES, CA",1,0,1,6,0,6
S1993027,1993-11-20,YAKOVLEV YAK-42,AVIOIMPEX MAKEDONIJA AIRWAYS,"MT. TROJANI, NR. OHRID, MK",8,0,8,108,0,108
S1993037,1993-12-13,HARBIN Y-12-II,LAO AVIATION,"NR. PHONESAVAN,  XIENG KHOUANG, LA",2,0,2,16,0,16
S1993090,1993-02-07,BEECH 100 KING AIR,TAXI AEREO FLORIANOPOLIS LTDA,"IGUACU, BR",2,0,2,4,0,4
S1993091,1993-03-18,BEECH E90 KING AIR,AERO TAXI IQUITOS,"NR. OTUZCO,  JULCA, PE",1,0,1,3,0,3
S1993108,1993-03-19,BEECH 200 KING AIR,WEST AVIATION,"NR. GEILO, NO",2,0,2,1,3,8
S1993121,1993-06-24,"PILATUS PC6B2 
TURBO PORTER",SATENA,"TARAIRA, CO",2,0,2,1,0,1
S1994001,1994-01-03,TUPOLEV TU-154M,BAIKALAVIA,"MAMONA, 15KM FROM  IRKUTSK, RU",9,0,9,115,0,115
S1994003,1994-02-25,YAKOVLEV YAK-40,EXPRESSO AEREO,"CERRO CARPICH, NR. TINGO MARIA,  HUANUCO, PE",5,0,5,26,0,26
S1994010,1994-06-06,TUPOLEV TU-154M,CHINA NORTHWEST AIRLINES,"NR. MINGDU, 30KM SE OF  XIAN, CN",14,0,14,146,0,146
S19940194,1994-04-25,"PBN BN-2A 
ISLANDER",SMAC,"NR. NANGA PINOH,  WEST KALIMANTAN, ID",1,0,1,9,1,10
S19940196,1994-05-23,"PBN BN-2B 
ISLANDER",ARALL COLOMBIA LTDA,"NR. LOMA LINDA,  MELA, CO",1,1,2,3,6,9
S19940197,1994-07-17,"PBN BN-2B 
ISLANDER",TIA HOLDINGS LTD,"LES PITONS DU CABBET, NR. FORT DE FRANCE, MQ",1,0,1,5,0,5
S19940198,1994-11-22,"PBN BN-2A 
ISLANDER",SOUTHWEST AIR PTY,"54KM ESE OF  TABUBIL, PG",1,0,1,6,0,6
S1994032,1994-09-26,YAKOVLEV YAK-40,CHEREMSHANKA AIRLINES,"CHAMBA RIVER, 41KM NNW OF  VANAVARA, RU",4,0,4,24,0,24
S1994037,1994-10-27,YAKOVLEV YAK-40,DONAVIA,"MAKHACHKALA AP.,  MAKHACHKALA,  DAGESTAN, RU",0,0,5,1,0,22
S1994044,1994-11-05,YAKOVLEV YAK-40,SERVICIOS AEREOS AMAZONICAS,"SAPOSOA RIVER,  SAPOSOA,  SAN MARTIN PROVINCE, PE",1,0,4,5,0,26
S1994058,1994-04-29,"CESSNA 208 
CARAVAN",LINEAS AEREAS DE LOS LIBERTADORES,"TIERRA MORADA, NR. BOGOTA, CO",1,0,1,7,1,8
S1994078,1994-01-24,"CESSNA 425 
CORSAIR",AERO WEST,"LAKE CONSTANCE, NR. RORSCHACH, CH",1,0,1,4,0,4
S1994085,1994-09-15,COMMANDER 680T,JIMENEZ ALFONSO MEJIA,"MISSING, CO",2,0,2,4,0,4
S1994088,1994-10-02,COMMANDER 690B,SEAVIEW AIR,"175KM ENE OF  WILLIAMS,  NEW SOUTH WALES, AU",1,0,1,8,0,8
S1994096,1994-10-19,BEECH C90A KING AIR,MONO MAX AVIATION,"SAINT FLORENT AP.,  SAUMUR, FR",1,0,1,6,0,6
S1995003,1995-01-20,LET 410UVP TURBOLET,ABAKAN AVIA,"KRASNOYARSK AP.,  KRASNOYARSK, RU",2,0,2,1,11,17
S19950129,1995-12-22,"PBN BN-2A 
ISLANDER",ISLAND AIRWAYS PTY LTD.,"BAGASIN, PG",1,0,1,1,0,11
S1995015,1995-06-24,TUPOLEV TU-134A,HARKA AIR,"MURTALA MUHAMMED AP.,  LAGOS, NG",0,0,6,16,0,74
S19950164,1995-07-25,"PBN BN-2A 
ISLANDER",TRANSNIUGINI AIRLINES PTY. LTD.,"NR. KARAMUI,  CHIMBU, PG",1,0,1,1,0,1
S1995024,1995-09-21,ANTONOV AN-24RV,MIAT,"CHOHO GOELOGLOH UUL, NR. MORON, MN",6,0,6,35,1,36
S1995029,1995-12-05,TUPOLEV TU-134,AZERBAIJAN AIRLINES,"NR. NAHICEVAN, AZ",2,4,6,50,24,76
S1995030,1995-12-07,TUPOLEV TU-154B,FAR EAST AVIATION CORPORATION,"DZHAUS MOUNTAIN, 100KM NW OF  SOVETSKAYA GAVAN, RU",8,0,8,90,0,90
S1995031,1995-12-13,ANTONOV AN-24B,BANAT AIR TRANSPORT,"CALURI, NR. VERONA, IT",8,0,8,41,0,41
S1995052,1995-10-31,"CESSNA 208B 
GRAND CARAVAN",TACSA - TRANSPORTES AEREOS DE COAHILA,"NR. PIEDRAS NEGRAS,  COAHILA, MX",1,0,1,8,2,10
S1995066,1995-09-27,DHC-3 TURBO OTTER,WESTERN STRAITS AIR (GYNN BAY LOGGING LTD DBA),"NR. CAMPBELL RIVER,  BRITISH COLUMBIA, CA",1,0,1,7,2,9
S1995078,1995-01-28,BEECH 200 KING AIR,AVIACAO LIGEIRA,"NR. CAFUNFO, AO",0,2,2,2,2,4
S1995079,1995-10-21,BEECH 200 KING AIR,BALMORAL AIR SERVICE,"NR. MARUNGA, ZA",2,0,2,3,0,3
S1995125,1995-09-11,ANTONOV AN-26,ARIANA AFGHAN AIRLINES,"JALALABAD AP.,  JALALABAD, AF",0,0,7,3,0,44
S1996008,1996-05-03,ANTONOV AN-24RV,FEDERAL AIRLINES,"SHIGLA,  HAJ YOUSIF, SD",6,0,6,47,0,47
S1996013,1996-07-11,LET 410UVP TURBOLET,ARCHANA AIRWAYS,"NR. KANDA, 25KM FROM  KULU, IN",3,0,3,6,0,6
S1996016,1996-08-29,TUPOLEV TU-154M,VNUKOVO AIRLINES,"MT. OPERAFJELLET, NR. LONGYEARBYEN,  SPITZBERGEN, NO",11,0,11,130,0,130
S1996019,1996-10-26,YAKOVLEV YAK-40K,TYUMENAVIATRANS,"KHANTY-MANSIYSK AP.,  KHANTY-MANSIYSK, RU",3,0,4,2,6,30
S19960190,1996-01-08,"PBN BN-2A 
ISLANDER",MUSTIQUE AIRWAYS LTD.,"30KM SW OF  BRIDGETOWN, BB",0,0,1,1,0,9
S19960193,1996-05-11,"PBN BN-2A 
ISLANDER",MILNE BAY AIR,"NR. OUMBA, PG",0,1,1,1,1,9
S19960207,1996-06-21,HARBIN Y-12-II,CHINA FLYING DRAGON GENERAL AVIATION CO,"NR. CHANGHAI,  SHANDONG, CN",1,0,3,1,2,9
S1996044,1996-05-12,BEECH 300LW KING AIR,AIRLINK LUFTVERKEHRS,"NR. ST. OSWALD, AT",2,0,2,2,0,2
S1996052,1996-01-29,"CESSNA 208 
CARAVAN",SOUNDSAIR LTD,"MT. ROBERTSON, NR. BLENHEIM, NZ",0,1,1,5,0,5
S1996055,1996-08-18,DHC-3 TURBO OTTER,HARBOUR AIR,"34KM S OF  ALLIFORD BAY,  BRITISH COLUMBIA, CA",1,0,1,2,0,2
S1996056,1996-01-15,"PIPER PA-31T 
CHEYENNE II",SERVICIOS AEREOS AQP SA,"MT. CHACHANI, NR. AREQUIPA, PE",2,0,2,3,0,3
S1996099,1996-08-11,"MCKINNON G21G 
TURBO GOOSE",PENAIR,"VOLCANO BAY AREA, 33KM SW OF  DUTCH HARBOR,  ALASKA, US",1,0,1,1,0,1
S1996127,1996-01-15,MITSUBISHI MU-2B-36A,PRO AIR SERVICES,"NR. MALAD CITY,  IDAHO, US",2,0,2,6,0,6
S1997005,1997-03-18,ANTONOV AN-24RV,STAVROPOL AVIATION,"NR. CHERKESSK, RU",6,0,6,44,0,44
S1997012,1997-06-10,HARBIN Y-12-II,MONGOLIAN AIRLINES,"MANDALGOBI AP.,  MANDALGOBI, MN",0,0,2,7,3,10
S1997014,1997-07-11,ANTONOV AN-24RV,CUBANA,"IN SEA, OFF SANTIAGO DE CUBA, CU",5,0,5,39,0,39
S1997015,1997-09-03,TUPOLEV TU-134,VIETNAM AIRLINES,"POCHENTONG AP.,  PHNOM PENH, KH",6,0,6,59,1,60
S19970150,1997-12-31,"PBN BN-2A 
ISLANDER",PARSA SA,"NR. SAN BLAS, PA",1,0,1,9,0,9
S1997021,1997-12-16,TUPOLEV TU-154B,TAJIK AIR,"NR. SHARJAH, AE",8,1,9,77,0,77
S1997023,1997-12-17,YAKOVLEV YAK-42,LVOV AVIATION ENTERPRISES,"MT. PENTE PIRGI, 70KM SW OF  THESSALONIKI, GR",8,0,8,66,0,66
S1997024,1997-10-29,YAKOVLEV YAK-40,ARIANA AFGHAN AIRLINES,"JALALABAD AP.,  JALALABAD, AF",1,0,6,1,0,20
S1997034,1997-11-08,"CESSNA 208B 
GRAND CARAVAN",HAGELAND AVIATION SERVICES INC.,"NR. BARROW,  ALASKA, US",1,0,1,7,0,7
S1997035,1997-04-10,"CESSNA 208B 
GRAND CARAVAN",HAGELAND AVIATION SERVICES INC.,"CHUKCHI SEA, 8KM NW OF  WAINWRIGHT,  ALASKA, US",1,0,1,4,0,4
S1997036,1997-10-08,"CESSNA 208B 
GRAND CARAVAN",SCENIC AIRLINES INC.,"UNCOMPAHGRE PLATEAU, 38KM SW OF  MONTROSE,  COLORADO, US",1,0,1,8,0,8
S1997052,1997-12-21,BEECH A100 KING AIR,AVIATION CHARTER INC.,"MUNICIPAL AP.,  COLORADO SPRINGS,  COLORADO, US",1,0,1,1,1,2
S1997075,1997-10-09,BEECH 200 KING AIR,NAYSA AEROTAXIS,"KEBUJEH, NR. BANJUL, GM",2,0,2,6,1,7
S1997082,1997-08-29,"PILATUS PC6B2 
TURBO PORTER",SATENA,"NR. PUERTO INIRIDA, CO",2,0,2,7,0,7
S1998009,1998-05-26,HARBIN Y-12-II,MONGOLIAN AIRLINES,"NR. ERDENET, MN",2,0,2,26,0,26
S1998015,1998-08-29,TUPOLEV TU-154M,CUBANA,"MARISCAL SUCRE AP.,  QUITO, EC",14,0,14,58,10,76
S1998016,1998-09-29,ANTONOV AN-24RV,LIONAIR,"GULF OF  MANNAR, NR. JAFFNA, LK",6,0,6,49,0,49
S19980203,1998-12-07,"PBN BN-2A 
ISLANDER",AIR SATELLITE,"ST. LAWRENCE RIVER, NR. BAIE COMEAU,  QUEBEC, CA",1,1,2,6,2,8
S1998035,1998-09-02,ANTONOV AN-26,PERMTRANSAVIA-PM,"90KM NE OF  LUANDA, AO",4,0,4,20,0,20
S1998075,1998-06-26,BEECH 200 KING AIR,FEDERAL AVIATION,"NR. ABIDJAN, CI",2,0,2,5,0,5
S1998083,1998-11-06,BEECH 200 KING AIR,TAWAKEL AIRLINES,"NR. NAIROBI, KE",1,0,1,2,0,2
S1999002,1999-02-24,TUPOLEV TU-154M,CHINA SOUTHWEST AIRLINES,"RUIAN, NR. WENZHOU, CN",11,0,11,50,0,50
S1999014,1999-08-26,YAKOVLEV YAK-40,UZBEKISTAN AIRWAYS,"TURTKUL AP.,  TURTKUL, UZ",0,0,4,2,0,29
S1999019,1999-12-07,LET 410UVP TURBOLET,ASIAN SPIRIT,"NR. BAYOMBANG, PH",2,0,2,15,0,15
S1999020,1999-12-25,YAKOVLEV YAK-42,CUBANA,"MT SAN LUIS, NR. VALENCIA, VE",6,0,6,16,0,16
S19990207,1999-01-16,"PBN BN-2A 
ISLANDER",UZU AIR PTY,"COCONUT ISLAND,  QUEENSLAND, AU",1,0,1,2,1,3
S19990208,1999-02-03,"PBN BN-2A 
ISLANDER",AIRLINK,"30KM SW OF  HOSKINS, PG",1,0,1,10,0,10
S1999029,1999-07-20,"CESSNA 208B 
GRAND CARAVAN",LA COSTENA SA,"CERRO SILVA, 50KM W OF  BLUEFIELDS, NI",2,0,2,14,0,14
S1999041,1999-01-17,"CESSNA 208 
CARAVAN",NECON AIR,"JUMLA, NP",1,1,2,3,5,10
S1999059,1999-06-25,BEECH C90 KING AIR,AEROCENTER INC,"NR. MUNSON,  FLORIDA, US",1,0,1,1,0,1
S2000001,2000-01-15,LET 410UVP TURBOLET,TACSA- TAXI AERO CENTROAMERICANO,"PAVAS DISTRICT,  SAN JOSE, CR",1,2,3,4,11,15
S2000002,2000-03-09,YAKOVLEV YAK-40D,VOLOGDA AIR ENTERPRISE,"SHEREMETYEVO AP.,  MOSCOW, RU",5,0,5,4,0,4
S2000005,2000-04-19,ANTONOV AN-8,CENTRAFRICAN AIRLINES,"PEPA, CD",4,0,4,20,0,20
S2000007,2000-03-25,ANTONOV AN-32,URALEX,"HUAMBO AP.,  HUAMBO, AO",0,0,4,3,0,29
S2000009,2000-06-22,XIAN YUN-7-100,WUHAN AIR LINES,"SITAI, NR. WUHAN, CN",4,0,4,38,0,38
S2000015,2000-10-19,HARBIN Y-12-II,LAO AVIATION,"NR. XAM NEUA, LA",0,0,2,8,0,15
S2000018,2000-10-31,ANTONOV AN-26,AIR ANCARGO,"NR. SAURIMO, AO",5,0,5,39,0,39
S20000195,2000-11-15,ANTONOV AN-24RV,ASA PESADA,"LUANDA, AO",5,0,5,52,0,52
S2000027,2000-08-26,"CESSNA 208B 
GRAND CARAVAN",SANSA,"VOLCAN ARENAL, NR. LAGUNAS, CR",2,0,2,8,0,8
S2000034,2000-04-19,"CESSNA 208B 
GRAND CARAVAN",GALLOVENTS TEN (PTY) LTD,"KAHUZI-BIEGA NATIONAL PARK, NR. BUKAVU, CD",1,0,1,3,0,3
S2000048,2000-09-18,PIPER PA-31 T1040,CAPE SMYTHE AIR SERVICE,"NR. NUIQSUT,  ALASKA, US",1,0,1,4,5,9
S2000058,2000-03-21,BEECH C90A KING AIR,TEPE HAVA CILIK,"NR. BURSA, TR",0,1,1,1,2,4
S2000069,2000-09-04,BEECH 200 KING AIR,CENTRAL AIR PTY LTD.,"WERNADINGA STATION, 65KM ESE OF  BURKETOWN,  QUEENSLAND, AU",1,0,1,7,0,7
S2000089,2000-08-12,ANTONOV AN-26,SUCCES AIRLINES,"63KM NW OF  TSHIKAPA, CD",6,0,6,21,0,21
S2001006,2001-05-17,YAKOVLEV YAK-40,QESHM AIRLINES,"NR. SARI, IR",5,0,5,25,0,25
S2001009,2001-07-04,TUPOLEV TU-154M,VLADIVOSTOK AIR,"NR. IRKUTSK, RU",9,0,9,136,0,136
S2001015,2001-08-23,"ANTONOV (WSK-PZL MIELEC) AN-28
8",AGEFRECO AIR,"NR. BUKAVU, CD",2,0,2,5,4,9
S2001018,2001-09-12,LET 410UVP TURBOLET,AEROFERINCO,"NR. CHICHEN ITZA, MX",2,0,2,17,0,17
S2001022,2001-09-18,LET 410UVP TURBOLET,ATLANTIC AIRLINES (NICARAGUA),"LA AURORA AP.,  GUATEMALA CITY, GT",1,1,2,8,3,11
S2001023,2001-10-04,TUPOLEV TU-154M,SIBIR AIRLINES,"IN BLACK SEA, 180KM S OF  SOCHI, RU",12,0,12,66,0,66
S20010242,2001-12-26,"PBN BN-2B 
ISLANDER",BAL BREMERHAVEN AIRLINE,"RIVER WESER, NR. BREMERHAVEN, DE",1,0,1,7,1,8
S2001026,2001-11-19,ILYUSHIN IL-18,IRS AERO,"NR. KALYAZINA, RU",9,0,9,18,0,18
S2001027,2001-11-23,"ANTONOV (WSK-PZL MIELEC) AN-28
8",ENIMEX,"PALADE,  HIIUMAA ISLAND, EE",0,1,3,2,0,14
S2001030,2001-12-16,LET 410UVP TURBOLET,HELIANDES LTDA,"CERRO EL SILENCIO, NR. MEDELLIN, CO",2,0,2,14,0,14
S2001031,2001-12-14,LET 410A TURBOLET,EAGLE AIR,"NR. GETI, CD",2,0,2,4,0,4
S2001042,2001-11-28,"CESSNA 208B 
GRAND CARAVAN",SANSA,"CERRO SAN JERONIMO, 18KM NW OF  QUEPOS, CR",2,0,2,1,5,6
S2001057,2001-10-10,"CESSNA 208 
CARGOMASTER",PENAIR,"NR. DILLINGHAM,  ALASKA, US",1,0,1,9,0,9
S2002003,2002-02-12,TUPOLEV TU-154M,IRAN AIR TOURS,"SEFID KOUH MOUNTAINS, NR. KHORRAMABAD, IR",9,0,9,108,0,108
S2002016,2002-07-01,TUPOLEV TU-154M,BASHKIRIAN AIRLINES,"NR. UBERLINGEN, DE",12,0,12,57,0,57
S20020197,2002-12-14,"PBN BN-2A 
ISLANDER",ISLAND AIRWAYS PTY LTD.,"GUHU AIRSTRIP,  FINISTERRE MOUNTAINS, PG",1,0,1,7,0,7
S2002023,2002-08-29,"ANTONOV (WSK-PZL MIELEC) AN-28
8",VOSTOK AIRLINES,"NR. AYAN, RU",2,0,2,14,0,14
S20020238,2002-07-16,"PBN BN-2A 
ISLANDER",SABANG MERAUKE RAYA AIR CHARTER,"NR. BAWAN,  EAST KALIMANTAN, ID",2,0,2,7,1,8
S20020239,2002-11-07,"PBN BN-2A 
ISLANDER",DIRGANTARA AIR SERVICE,"NR. TARAKAN,  EAST KALIMANTAN, ID",1,0,1,6,3,9
S2002034,2002-12-23,ANTONOV AN-140,AEROMOST - KHARKOV AIRLINES,"AKBAM MOUNTAIN, NR. ISFAHAN, IR",3,0,3,41,0,41
S2002035,2002-12-27,LET 410UVP TURBOLET,OCEAN AIRLINES,"NR. OUANI,  ANJOUAN, KM",0,3,3,1,9,13
S2002063,2002-10-25,BEECH A100 KING AIR,AVIATION CHARTER INC,"NR. EVELETH,  MINNESOTA, US",2,0,2,6,0,6
S2003009,2003-05-26,YAKOVLEV YAK-42,UM AIR,"NR. MACKA, TR",13,0,13,62,0,62
S2003019,2003-08-24,LET 410UVP TURBOLET,TROPICAL AIRWAYS D'HAITI,"NR. CAP HAITIEN, HT",2,0,2,19,0,19
S2003050,2003-09-11,"CESSNA 208B 
GRAND CARAVAN",WASAYA AIRWAYS,"6KM W OF  SUMMER BEAVER,  ONTARIO, CA",1,0,1,7,0,7
S2003067,2003-12-16,DHC-3 TURBO OTTER,HURON AIR & OUTFITTERS INC,"JELLICOE,  ONTARIO, CA",1,0,1,1,1,2
S2004001,2004-01-13,YAKOVLEV YAK-40,UZBEKISTAN AIRWAYS,"VOSTOCHNY AP.,  TASHKENT, UZ",5,0,5,32,0,32
S2004016,2004-08-24,TUPOLEV TU-134A,VOLGA AVIAEXPRESS,"NR. BUCHALKI, RU",9,0,9,35,0,35
S2004017,2004-08-24,TUPOLEV TU-154B,SIBIR AIRLINES,"NR. MILLEROVO, RU",8,0,8,38,0,38
S2004041,2004-01-17,"CESSNA 208B 
GRAND CARGOMASTER",GEORGIAN EXPRESS,"LAKE ERIE, OFF PELEE ISLAND,  ONTARIO, CA",1,0,1,9,0,9
S2005006,2005-03-16,ANTONOV AN-24RV,REGIONAL AIRLINES,"NR. VARANDEI, RU",2,3,5,26,21,47
S2005008,2005-03-26,LET 410UVP TURBOLET,WEST CARIBBEAN AIRWAYS,"AGUADULCE,  ISLA DE PROVIDENCIA, CO",2,0,2,6,6,12
S2005017,2005-06-02,ANTONOV AN-24B,MARSLAND AVIATION,"KHARTOUM AP.,  KHARTOUM, SD",1,0,6,6,0,36
S2005019,2005-05-25,ANTONOV AN-12BP,AIR VICTORIA,"NEAR BITALE 10KM FRO BUNYAKIRI VILLAGE, CD",5,0,5,21,0,21
S2005022,2005-07-16,ANTONOV AN-24B,EQUATAIR,"NR. BANEY, 17KM FROM  MALABO, GQ",6,0,6,56,0,56
S2005034,2005-12-23,ANTONOV AN-140-100,AZERBAIJAN AIRLINES / AZAL AVIA,"NR. NARDARAN, AZ",5,0,5,18,0,18
S2005114,2005-10-04,ANTONOV AN-12BP,WDA - WIMBI DIRA AIRWAYS,"ARU AP., CD",0,0,0,2,11,0
S2006007,2006-03-31,LET 410UVP TURBOLET,TEAM,"PICO DE PEDRA BRANCA, NR. SAQUAREMA, BR",2,0,2,17,0,17
S2006018,2006-08-03,"ANTONOV (WSK-PZL MIELEC) AN-28
8",TRASEPT CONGO,"CIBATI HILLS, NR. BUKAVU, CD",3,0,3,14,0,14
S2006020,2006-08-22,TUPOLEV TU-154M,PULKOVO AVIATION ENTERPRISE,"45KM N OF  DONETSK, UA",10,0,10,160,0,160
S2006022,2006-09-01,TUPOLEV TU-154M,IRAN AIR TOURS,"SHAHID HASHEMI NEJAD INTL. AP.,  MASHHAD, IR",0,0,11,28,30,149
S2006042,2006-03-24,"CESSNA 208B 
GRAND CARAVAN",ATESA - AERO TAXIS ECUATORIANOS SA,"CUENCA, EC",0,2,2,5,7,12
S2006043,2006-01-21,"CESSNA 208B 
GRAND CARAVAN",REGENCY AIR CHARTER,"21KM SSE OF  PORT ALBERNI,  BRITISH COLUMBIA, CA",1,0,1,2,5,7
S2006065,2006-10-25,"CESSNA 425 
CORSAIR",SERVICES & TRANSPORTS AERIENS - STA,"TULEAR, MG",2,0,2,4,0,4
S2007001,2007-01-09,ANTONOV AN-26B,AERIANTUR-M AIRLINES,"BALAD, IQ",5,0,5,29,1,30
S2007003,2007-03-17,TUPOLEV TU-134A,UTAIR,"KURUMOCH AP.,  SAMARA, RU",0,0,7,6,30,50
S2007010,2007-06-25,ANTONOV AN-24B,PMT AIRLINES,"BOKOR MOUNTAIN, NR. SIHANOUKVILLE, KH",4,0,4,18,0,18
S2007011,2007-06-21,LET 410UVP TURBOLET,KARIBU AIRWAYS,"NR. KAMINA, CD",0,0,2,1,9,20
S2007023,2007-10-08,LET 410UVP TURBOLET,NACIONAL DE AVIACION COLOMBIA,"CERRO BRAVO, NR. CUBARRAL, CO",3,0,3,15,0,15
S2007074,2007-12-09,BEECH C90B KING AIR,FUN AIR,"KIEV, UA",2,0,2,3,0,3
S2008001,2008-01-04,LET 410UVP TURBOLET,TRANSAVEN,"IN CARIBBEAN SEA, OFF ISLA LOS ROQUES, VE",2,0,2,12,0,12
S2008007,2008-04-03,"ANTONOV (WSK-PZL MIELEC) AN-28
8",BLUE WING AIRLINES,"BENZDORP, SR",2,0,2,17,0,17
S20080254,2008-12-19,"PBN BN-2A 
ISLANDER",AIR VANUATU,"25KM SSE OF  LAJMOLI,  ESPIRITU SANTO, VU",1,0,1,1,2,9
S2008036,2008-01-19,BEECH B200 KING AIR,GIRA GLOBO LDA,"NR. HUAMBO, AO",2,0,2,11,0,11
S2008084,2008-08-24,"CESSNA 208 
CARAVAN",AEREO RUTA MAYA,"NR. CABANAS, GT",2,0,2,8,4,12
S2008132,2008-11-23,BEECH 200 KING AIR,TL AIR TAXI,"SAN MARTIN DISTRICT,  RECIFE, BR",1,0,2,1,1,8
S2008140,2008-12-03,COMMANDER 690B,WEBSTA'S AVIATION SERVIES INC,"EL YUNQUE NATIONAL FOREST, NR. SAN JUAN, PR",1,0,1,2,0,2
S2009062,2009-04-17,"PILATUS PC6B2 
TURBO PORTER",MIMIKA AIR,"MT. GERGAJI, NR. ILAGA, ID",2,0,2,9,0,9
S2009063,2009-04-17,"CESSNA 208B 
GRAND CARAVAN",LTA - LINEA TURISTICA AEREOTUY CA,"CANAIMA AP.,  CANAIMA, VE",0,0,2,1,3,9
S2009100,2009-07-15,TUPOLEV TU-154M,CASPIAN AIRLINES,"NR. JANNALABAD, 125KM W OF  TEHRAN, IR",15,0,15,153,0,153
S2009104,2009-07-24,ILYUSHIN IL-62M,ARIA AIR,"SHAHID HASHEMI NEJAD AP.,  MASHHAD, IR",8,2,17,8,1,152
S2010038,2010-05-15,"ANTONOV (WSK-PZL MIELEC) AN-28
8",BLUE WING AIRLINES,"NR. POKISI, SR",2,0,2,6,0,6
S2010039,2010-05-17,ANTONOV AN-24B,PAMIR AIRWAYS,"SALANG PASS, N OF  KABUL, AF",6,0,6,38,0,38
S2010047,2010-06-13,"CESSNA 208B 
GRAND CARAVAN",SERVICIOS AEREOS MILENIO SA DE CV,"NR. FELIPPE CARILLO PUERTO,  QUINTANA ROO, MX",2,0,2,7,0,7
S2010052,2010-06-23,BEECH A100 KING AIR,AEROPRO,"NR. JEAN LESAGE INTL. AP.,  QUEBEC CITY,  QUEBEC, CA",2,0,2,5,0,5
S2010059,2010-08-03,ANTONOV AN-24RV,KATEKAVIA,"IGARKA, RU",1,3,4,11,0,11
S2010072,2010-08-25,LET 410UVP TURBOLET,FILAIR,"BANDUNDU, CD",3,0,3,17,1,18
S2010107,2010-11-11,ANTONOV AN-24B,TARCO AIR,"ZALINGEI AIRSTRIP,  ZALINGEI, SD",0,0,6,2,0,36
S2010115,2010-12-04,TUPOLEV TU-154M,SE AIRLINES,"DOMODEDOVO AP.,  MOSCOW, RU",0,0,9,2,19,163
S2011001,2011-01-01,TUPOLEV TU-154B,KOLAVIA,"SURGUT INTL. AP.,  SURGUT, RU",0,5,8,3,27,126
S2011007,2011-01-14,BEECH 200 KING AIR,CIELO TAXI AEREO,"MORRO SANTO ANTONIO, NR. SENADOR CANEDO, BR",2,0,2,4,0,4
S2011018,2011-02-14,LET 410UVP TURBOLET,CENTRAL AMERICAN AIRWAYS,"CERRO DE HULA, NR. LES MESITAS, HN",2,0,2,12,0,12
S2011057,2011-05-07,CAIC MA60,MERPATI NUSANTARA AIRLINES,"IN SEA, OFF KAIMANA, ID",4,0,4,21,0,21
S2011081,2011-06-20,TUPOLEV TU-134A,RUSAIR,"PETROZAVODSK, RU",8,1,9,39,4,43
S2011090,2011-07-04,"CESSNA 208B 
GRAND CARAVAN",MISSINIPPI AIRWAYS,"PUKATAWAGAN AP.,  PUKATAWAGAN,  MANITOBA, CA",0,0,1,1,0,8
S2011092,2011-07-11,ANTONOV AN-24RV,ANGARA AIRLINES,"OB RIVER, NR. STREZHEVOY, RU",0,0,4,7,10,33
S2011096,2011-07-13,LET 410UVP TURBOLET,NOAR LINHAS AEREAS,"RECIFE, BR",2,0,2,14,0,14
S2011126,2011-09-22,"PILATUS PC6B2 
TURBO PORTER",YAJASI AVIATION,"NR. PASALEI,  YALIMO REGENCY, ID",1,0,1,2,0,2
S2011132,2011-10-04,"CESSNA 208B 
GRAND CARAVAN",AIR TINDI,"PEHTEI PENINSULA, 49KM W OF  LUTSEL K'E,  NORTHWEST TERRITORIES, CA",1,0,1,1,2,3
S2011135,2011-10-14,"CESSNA 208B 
GRAND CARAVAN",MOREMI AIR SERVICES,"XAKANAKA AIRSTRIP, 140KM FROM  MAUN, BW",1,0,1,8,0,11
S2011167,2011-09-07,YAKOVLEV YAK-42,YAK SERVICE,"NR. TUNOSHNA AP.,  YAROSLAVL, RU",7,1,8,37,0,37
S2011171,2011-12-17,PACIFIC AEROSPACE 750XL,ASSOCIATED MISSION AVIATION,"ABMISBIL AP.,  ABMISBIL,  PAPUA, ID",1,0,1,2,2,4
S20120139,2012-10-07,"PBN BN-2A 
ISLANDER",MONTSERRAT AIRWAYS,"V C BIRD INTL. AP.,  ST. JOHN'S, AG",1,0,1,2,1,3
S2012087,2012-08-19,ANTONOV AN-26-100,ALFA AIRLINES,"NR. TALODI, SD",6,0,6,26,0,26
S2012089,2012-08-22,LET 410UVP TURBOLET,MOMBASA AIR SAFARI,"MASAI MARA GAME RESERVE, NGERENDE AIRSTRIP, KE",2,0,2,2,3,11
S2012094,2012-09-12,"ANTONOV (WSK-PZL MIELEC) AN-28
8",PETROPAVLOVSK-KAMCHATSKY AIR ENTERPRISE,"MT. PYATIBRATKA, NR. PALANA,  KAMCHATKA KRAI, RU",2,0,2,8,4,12
S20130001,2013-01-04,"PBN BN-2 
ISLANDER",CHAPI AIR,"MISSING, VE",2,0,2,4,0,4
S20130023,2013-02-13,ANTONOV AN-24RV,SOUTH AIRLINES,"SERGEI PROKOFIEV AP.,  DONETSK, UA",0,0,8,5,9,44
S20130028,2013-03-06,BEECH B200 KING AIR,ATSA - AERO TRANSPORTE SA,"NR. MATIBAMBA, PE",2,0,2,7,0,7
S20130030,2013-03-12,"NEIVA NE-821 
CARAJA (PIPER PA-31)",FRETAX TAXI AEREO,"MONTE DOURADO,  PARA, BR",1,0,1,9,0,9
S20130081,2013-07-07,DHC-3 TURBO OTTER,REDISKE AIR INC,"SOLDOTNA AP.,  SOLDOTNA,  ALASKA, US",1,0,1,9,0,9
S20130123,2013-10-14,"CESSNA 208B 
GRAND CARAVAN",AEREO SERVICIO GUERRERO SA DE CV,"SIERRA DE LA GIGANTA MOUNTAINS, 30KM NW OF  LORETO, MX",1,0,1,11,0,11
S20130147,2013-11-29,"CESSNA 208B 
GRAND CARAVAN",HAGELAND AVIATION SERVICES,"ST. MARY'S,  ALASKA, US",1,0,1,3,6,9
S20130148,2013-11-25,"CESSNA 208B 
GRAND CARAVAN",TROPICAIR LTD,"PALBUNA RIVER, NR. KIBENI, PG",0,0,1,3,0,9
S20130152,2013-12-11,"CESSNA 208B 
GRAND CARAVAN",MAKANI KAI AIR CHARTERS,"PACIFIC OCEAN, OFF KALAUPAPA,  HAWAII, US",0,1,1,1,2,8
S20140028,2014-04-09,QUEST KODIAK,ADVENTIST AVIATION (INDONESIA),"DOYO BARU AIRSTRIP,  JAYAPURA,  PAPUA, ID",1,0,1,1,5,6
S20140060,2014-08-10,ANTONOV AN-140-100,SEPAHAN AIRLINES,"AZADI DISTRICT,  TEHRAN, IR",6,0,6,42,0,42
S20150029,2015-03-19,BEECH B90 KING AIR,AVIAJET SA,"LAGUNA DEL SAUCE, NR. PUNTA DEL ESTE,  MALDONADO DEPARTMENT, UY",2,0,2,8,0,8
S20150033,2015-01-20,ANTONOV AN-2 (PISTON),OLIMP AIR,"NR. CHOKPAR, KZ",3,0,3,3,1,4
S20150069,2015-06-25,DHC-3 TURBO OTTER,PROMECH AIR,"ELLA LAKE, 45KM NE OF  KETCHIKAN,  ALASKA, US",1,0,1,8,0,8
S20150118,2015-08-12,PACIFIC AEROSPACE 750XL,KOMALA INDONESIA,"NINIA AIRSTRIP,  NINIA,  PAPUA, ID",0,1,1,1,4,5
S20160044,2016-04-01,"CESSNA 208B 
GRAND CARAVAN",AEROSERVICIOS EMPRESARIALES SA DE CV,"15KM FROM  TAYOLTITA,  DURANGO, MX",0,1,1,3,4,9
S20160048,2016-04-13,"PBN BN-2T 
TURBINE ISLANDER",SUNBIRD AVIATION,"NR. KIUNGA, PG",1,0,1,11,0,11
S20160102,2016-07-20,"CESSNA 208B 
GRAND CARAVAN EX",JOY AIR GENERAL AVIATION CO,"JINSHAN WATER AERODROME,  SHANGHAI,  SHANGHAI, CN",1,1,2,4,2,8
S20160135,2016-08-31,"CESSNA 208B 
GRAND CARAVAN EX",HAGELAND AVIATION SERVICES,"10KMNW OF  RUSSIAN MISSION,  ALASKA, US",1,0,1,2,0,2
S20160147,2016-09-30,"CESSNA 208B 
GRAND CARAVAN",LLANERA DE AVIACION SAS,"SAN ANTONIO DE PRADO, SW OF  MEDELLIN,  ANTIOQUIA, CO",1,1,2,3,6,9
S20160151,2016-10-02,"CESSNA 208B 
GRAND CARAVAN",HAGELAND AVIATION SERVICES,"20KM NW OF  TOGIAK,  ALASKA, US",2,0,2,1,0,1
T1990001,1990-01-02,IPTN 212-200,PELITA AIR SERVICE,"IN JAVA SEA, OFF PABELOKAN ISLAND, ID",2,0,3,7,0,13
T1990003,1990-01-15,CASA 212-200,SANSA,"CERRO CEDRAL, NR. SAN JOSE, CR",3,0,3,20,0,20
T1990006,1990-02-05,"GRUMMAN 159 
GULFSTREAM IC",HELICOL,"MOUNT EL SALADO, NR. IBAGUE, CO",4,0,4,11,0,11
T1990007,1990-01-25,"HAWKER-SIDDELEY 
748 SRS.2A",AIRFAST INDONESIA PT,"MOUNT RINGANI,  LOMBOK, ID",3,0,3,16,0,16
T1990012,1990-04-18,"DHC-6 TWIN OTTER 
200",AEROPERLAS,"IN SEA,  CONTADORA ISLAND, PA",3,0,3,17,0,19
T1990013,1990-04-12,"DHC-6 TWIN OTTER 
300",WIDEROE'S FLYVESELSKAP,"NR. VAEROY,  LOFOTEN ISLANDS, NO",2,0,2,3,0,3
T1990017,1990-05-10,FAIRCHILD F-27,AVIACSA,"NR. LLANO SAN JUAN AP.,  TUXTLA GUTIERREZ, MX",4,0,4,20,0,36
T1990018,1990-05-18,"BEECH COMMUTER 
1900C-1",AEROLIFT PHILIPPINES,"MERVILLE PARK SUBDIVISION,  MANILA, PH",2,0,2,19,0,19
T1990021,1990-06-06,FAIRCHILD FH-227,TABA,"NR. ALTAMIRA AP.,  ALTAMIRA, BR",2,1,3,21,18,39
T1990035,1990-11-11,CASA 212-200,SATENA,"MOUNT LOS FARLLONES, NR. MEDELLIN, CO",4,0,4,12,0,12
T1990036,1990-11-21,DHC DASH 8-100,BANGKOK AIRWAYS,"CHAWENG BEACH,  KOH SAMUI, TH",5,0,5,33,0,33
T1991001,1991-02-01,"FAIRCHILD SA-227AC 
METRO III",SKYWEST AIRLINES,"LOS ANGELES INTL. AP.,  LOS ANGELES,  CALIFORNIA, US",2,0,2,10,0,10
T1991002,1991-01-30,IPTN 212-200,MERPATI NUSANTARA AIRLINES,"TIHENGO MOUNTAINS, NR. GORONTALO, ID",0,0,3,1,0,18
T1991007,1991-04-05,"EMBRAER EMB-120 
BRASILIA",ATLANTIC SOUTHEAST AIRLINES,"NR. GYNCO JETPORT,  BRUNSWICK,  GEORGIA, US",3,0,3,20,0,20
T1991008,1991-05-09,FOKKER F.27-600,MERPATI NUSANTARA AIRLINES,"MOUNT KLABAT, NR. MANADO,  SULAWESI, ID",5,0,5,8,0,8
T1991010,1991-04-18,DORNIER 228-200,AIR TAHITI,"NUKU HIVA,  MARQUESS ISLANDS, PF",1,1,3,9,3,20
T1991014,1991-07-04,"DHC-6 TWIN OTTER 
300",HELICOL,"NR. EL YOPAL, CO",2,0,2,1,0,1
T1991016,1991-07-10,BEECH C99,L'EXPRESS INC,"NR. BIRMINGHAM,  ALABAMA, US",1,1,2,12,1,13
T1991017,1991-07-09,CASA 212-200,AEROCHASQUI,"BELLAVISTA,  BELLAVISTA,  SAN MARTIN, PE",2,0,2,12,0,12
T1991019,1991-09-11,"EMBRAER EMB-120 
BRASILIA",JET LINK/CONTINENTAL EXPRESS,"NEAR EAGLE LAKE,  TEXAS, US",3,0,3,11,0,11
T1991023,1991-09-03,SHORTS SC.7 SKYVAN 3,AIRTECH RAJAWARI UDARA,"NR. LONG SERIDAN,  SARAWAK, MY",2,0,2,12,6,18
T1991025,1991-06-01,"A.S.T.A. (GAF) 
NOMAD N24A",AGAPE FLIGHT INC.,"IN SEA, OFF MATTHEW TOWN,  GREAT INAGUA ISLAND, BS",0,0,1,2,0,2
T1991028,1991-09-27,"DHC-6 TWIN OTTER 
300",SOLOMON AIRLINES,"MOUNT NASUHA, NR. AVUAVU,  GUADALCANAL, SB",2,0,2,13,0,13
T1991030,1991-11-11,"EMBRAER EMB-110P1 
BANDEIRANTE",NORDESTE LINHAS AEREAS REGIONAIS,"NR. GUARARAPES INTL. AP.,  RECIFE, BR",3,0,3,12,0,12
T1992001,1992-01-03,"BEECH COMMUTER 
1900C-1",COMMUTAIR,"NR. SARANAC LAKE,  NEW YORK, US",1,1,2,1,1,2
T1992002,1992-02-03,"EMBRAER EMB-110C 
BANDEIRANTE",NORDESTE LINHAS AEREAS REGIONAIS,"SERRA DOS BREJINHOS, NR. CAEITITE,  BAHIA, BR",2,0,2,10,0,10
T1992004,1992-02-09,CONVAIR 640,GAMBCREST,"NR. KAFOUTINE, SN",4,2,6,26,24,50
T1992006,1992-04-15,"EMBRAER EMB-110P1 
BANDEIRANTE",TALAIR,"DAULO PASS,  GOROKA, PG",2,0,2,9,4,13
T1992011,1992-06-07,CASA 212-200,EXECUTIVE AIRLINES,"NR. MAYAGUEZ AP.,  MAYAGUEZ, PR",2,0,2,3,0,3
T1992012,1992-06-08,BEECH C99,GP EXPRESS AIRLINES,"NR. ANNISTON, NR. ANNISTON,  ALABAMA, US",1,1,2,2,2,4
T1992016,1992-07-24,VICKERS 800 VISCOUNT,MANDALA AIRLINES,"MOUNT LILIBOY, NR. AMBON,  SERAM ISLANDS, ID",7,0,7,63,0,63
T1992022,1992-04-26,FOKKER F.27-400,SAHA AIRLINE,"NR. SAVEH, IR",4,0,4,35,0,35
T1992023,1992-10-18,IPTN CN-235-100,MERPATI NUSANTARA AIRLINES,"MOUNT PAPANDAYAN, NR. GARUT,  JAWA, ID",4,0,4,27,0,27
T1992028,1992-12-13,FOKKER F.27-400,SCIBE AIRLIFT,"NR. GOMA, NR. GOMA, CD",6,0,6,31,0,31
T1993005,1993-02-28,DORNIER 228-200,FORMOSA AIRLINES,"OFF ORCHID ISLAND,  LAN YU, TW",2,0,2,4,0,4
T1993010,1993-01-06,DHC DASH 8-300,LUFTHANSA CITYLINE,"CHARLES DE GAULLE AP.,  PARIS, FR",0,0,4,4,8,19
T1993011,1993-01-09,"HAWKER-SIDDELEY 
748 SRS.2A",BOURAQ INDONESIA,"NR. JUANDA AP.,  SURABAYA, ID",4,1,5,13,21,39
T1993014,1993-03-23,"EMBRAER EMB-110C 
BANDEIRANTE",OESTE LINHAS AEREAS,"NR. TANGARA DE SERRA,  MATO GROSSO, BR",2,0,2,4,0,4
T1993015,1993-04-27,DHC-5 BUFFALO,ZAMBIAN AIR FORCE,"IN SEA, OFF LIBREVILLE, GA",5,0,5,25,0,25
T1993040,1993-07-30,SHORTS SC.7 SKYVAN 3,HORNBILL SKYWAYS,"LONG LOYANG, SARAWAK, MY",0,0,2,1,2,15
T1993041,1993-07-31,DORNIER 228-100,EVEREST AIR,"NR. BHARATPUR, NP",3,0,3,16,0,16
T1993048,1993-10-25,"A.S.T.A. (GAF) 
NOMAD N22",HIBISCUS AVIATION SERVICES,"FRANZ JOSEF GLACIER, NR. GERALDINE,  SOUTH ISLAND, NZ",3,0,3,6,0,6
T1993057,1993-12-01,B.AE. JETSTREAM 31,EXPRESS AIRLINES,"NR. CHISHOLM-HIBBING AP.,  HIBBING,  MINNESOTA, US",2,0,2,16,0,16
T1993059,1993-10-27,"DHC-6 TWIN OTTER 
300",WIDEROE'S FLYVESELSKAP,"NR. NAMSOS, NO",3,0,3,4,12,17
T1993062,1993-11-10,"HAWKER-SIDDELEY 
748 SRS.2A",AIR MANITOBA,"NEAR SANDY LAKE,  ONTARIO, CA",3,0,3,4,0,4
T1993067,1993-12-09,"DHC-6 TWIN OTTER 
300",AIR SENEGAL,"NR. YOFF INTL. AP.,  DAKAR, SN",2,0,2,1,0,1
T1994004,1994-01-07,B.AE. JETSTREAM 41,ATLANTIC COAST AIRLINES,"NR. COLUMBUS,  OHIO, US",3,0,3,2,0,5
T1994011,1994-04-04,SAAB 340B,KLM CITYHOPPER,"SCHIPHOL AP.,  AMSTERDAM, NL",1,1,3,2,8,21
T1994020,1994-06-18,FOKKER F.27-500,MERPATI NUSANTARA AIRLINES,"MT. KALORA, NR. PALU,  SULAWESI, ID",5,0,5,7,0,7
T1994022,1994-06-26,FOKKER F.27-400,AIR IVOIRE,"NR. PORT BOUET AP.,  ABIDJAN, CI",3,0,3,14,0,14
T1994024,1994-06-13,"FAIRCHILD SA-226TC 
METRO II",AEROLINEAS CUAHONTE,"EL CERRO DE LA CRUZ, NR. URUAPAN,  MICHOACAN, MX",2,0,2,7,0,7
T1994026,1994-07-19,"EMBRAER EMB-110P1 
BANDEIRANTE",ALAS CHIRICANAS,"SANTA RITA AREA, NR. COLON, PA",3,0,3,18,0,18
T1994027,1994-05-07,"EMBRAER EMB-110E(J) 
BANDEIRANTE",RICO TAXI AEREO,"SAO GABRIEL AP.,  SAO GABRIEL,  AMAZONAS, BR",2,0,2,6,8,14
T1994032,1994-09-13,"DHC-6 TWIN OTTER 
300",AEROCONTRACTORS,"NR. ABUJA, NG",1,1,2,2,1,3
T1994033,1994-08-21,ATR-42-300,ROYAL AIR MAROC,"NR. TIZOUNINE, 35KM N OF  AGADIR, MA",4,0,4,40,0,40
T1994043,1994-10-31,ATR-72-210,SIMMONS AIRLINES,"NR. ROSELAWN, 58KM SE OF  GARY,  INDIANA, US",4,0,4,64,0,64
T1994045,1994-09-17,"DHC-6 TWIN OTTER 
100",PACIFIC COASTAL AIRLINES,"ILLAHIE INLET, 113KM N OF  PORT HARDY,  BRITISH COLUMBIA, CA",1,1,2,2,0,2
T1994050,1994-12-13,B.AE. JETSTREAM 32,FLAGSHIP AIRLINES,"NR. RALEIGH-DURHAM INTL. AP.,  RALEIGH,  NORTH CAROLINA, US",2,0,2,13,5,18
T1995004,1995-01-10,"DHC-6 TWIN OTTER 
300",MERPATI NUSANTARA AIRLINES,"MOLO STRAIT, NR. LABUHANBAJO,  FLORES ISLAND, ID",4,0,4,10,0,10
T1995006,1995-01-17,"DHC-6 TWIN OTTER 
300",ROYAL NEPAL AIRLINES,"TRIBHUVAN INTL. AP.,  KATHMANDU, NP",1,1,3,1,1,21
T1995035,1995-05-24,"EMBRAER EMB-110P1 
BANDEIRANTE",KNIGHT AIR,"DUNKESWICK, NR. LEEDS,  NORTH YORKSHIRE, GB",3,0,3,9,0,9
T1995040,1995-06-09,DHC DASH 8-100,ANSETT NEW ZEALAND,"NR. PALMERSTON NORTH, NORTH ISLAND, NZ",1,2,3,4,11,18
T1995041,1995-05-01,"FAIRCHILD SA-227AC 
METRO 23",BEARSKIN LAKE AIR SERVICE,"NR. SIOUX LOOKOUT,  ONTARIO, CA",2,0,2,1,0,1
T1995042,1995-06-17,CASA 212-200,ANGOLAN AIR FORCE,"NR. CATUMBELA, AO",3,0,3,45,5,50
T1995059,1995-07-12,"DHC-6 TWIN OTTER 
300",MILNE BAY AIR,"NR. GURNEY AP.,  ALOTAU, PG",2,0,2,13,0,13
T1995062,1995-08-09,"HAWKER-SIDDELEY 
748 SRS.2A",BOURAQ INDONESIA,"MT. KUMAWA, NR. KAIMANA,  IRIAN JAYA, ID",6,0,6,4,0,4
T1995064,1995-08-14,"EMBRAER EMB-110P1 
BANDEIRANTE",AIRES COLOMBIA,"NEVADO DEL HUILA, NR. SANTANDER, CO",2,0,2,8,0,8
T1995065,1995-08-21,"EMBRAER EMB-120 
BRASILIA",ATLANTIC SOUTHEAST AIRLINES,"NR. CARROLLTON, 67KM SW OF  ATLANTA,  GEORGIA, US",1,2,3,8,10,26
T1995067,1995-09-15,FOKKER 50,MALAYSIA AIRLINES,"TAWAU AP.,  TAWAU,  SABAH, MY",2,0,4,32,0,49
T1995068,1995-09-09,CASA 212-200,SATENA,"NR. LA MACARENA, CO",4,0,4,17,1,18
T1995074,1995-11-08,FOKKER F.27-400,LADE,"SIERRA GRANDE MOUNTAINS, NR. VILLA DOLORES, AR",5,0,5,48,0,48
T1995078,1995-12-07,"BEECH COMMUTER 
1900D",AIR SAINT MARTIN,"NR. BELLE-ANSE, HT",2,0,2,18,0,18
T1995083,1995-12-18,"LOCKHEED 188 
ELECTRA",TRANS SERVICE AIRLIFT,"NR. JAMBA,  CUANDO CUBANGO, AO",4,1,5,137,2,139
T1996001,1996-02-12,"A.S.T.A. (GAF) 
NOMAD N24A",HAITI AIR EXPRESS,"MAIS GATE AP.,  PORT-AU-PRINCE, HT",2,0,2,9,4,13
T1996010,1996-05-10,"DHC-6 TWIN OTTER 
200",AEROSERVICIOS EMPRESARIALES SA DE CV,"NR. OTAEZ, DURANGO, MX",2,0,2,14,3,17
T1996011,1996-04-05,DORNIER 228-200,FORMOSA AIRLINES,"IN SEA, OFF MATSU ISLAND, TW",0,0,2,6,0,15
T1996016,1996-07-09,"DHC-6 TWIN OTTER 
300",MILNE BAY AIR,"CLANCY'S KNOB, NR. MENDI, PG",1,0,1,19,0,19
T1996024,1996-07-24,FOKKER F.27-600,MYANMA AIRWAYS,"MYEIK AP.,  MYEIK, MM",0,0,5,8,16,44
T1996028,1996-07-17,"DHC-6 TWIN OTTER 
300",TRANS CARIBE,"PLAYA DEL CARMEN AP., PLAYA DEL CARMEN, MX",0,2,2,1,13,16
T1996033,1996-11-01,"EMBRAER EMB-110P1 
BANDEIRANTE",TAPSA - TRANSPORTES AEREOS PROFESIONALES,"NR. FLORES, GT",2,0,2,14,0,14
T1996035,1996-11-19,"BEECH COMMUTER 
1900C-1",UNITED EXPRESS,"BALDWIN FIELD,  QUINCY,  ILLINOIS, US",2,0,2,10,0,10
T1996040,1996-12-07,IPTN 212-100,DIRGANTARA AIR SERVICE,"NR. SJAMSUDIN NOOR AP.,  BANJARMASIN, ID",2,0,2,14,1,15
T1996041,1996-11-30,"DHC-6 TWIN OTTER 
300",ACES,"PADRE AMAYA MT., NR. MEDELLIN, CO",2,0,2,12,1,13
T1996044,1996-10-03,"DHC-6 TWIN OTTER 
100",MALU AVIATION,"NR. KAHEMBA, CD",2,0,2,4,0,19
T1997003,1997-01-08,"DHC-6 TWIN OTTER 
300",POLYNESIAN AIRLINES,"MOAMOA AREA, NR. APIA, WS",1,1,2,2,1,3
T1997004,1997-01-09,"EMBRAER EMB-120 
BRASILIA",COMAIR,"NR. IDA, 42KM S OF  DETROIT,  MICHIGAN, US",3,0,3,26,0,26
T1997008,1997-02-01,"HAWKER-SIDDELEY 
748 SRS.2A",AIR SENEGAL,"TAMBACOUNDA AP.,  TAMBACOUNDA, SN",3,0,3,22,27,49
T1997011,1997-04-19,BRITISH AEROSPACE ATP,MERPATI NUSANTARA AIRLINES,"BULUTUMBANG AP.,  TANDJUNGPANDAN,  BELITUNG, ID",4,0,5,11,0,48
T1997020,1997-06-06,VICKERS 700 VISCOUNT,BAZAIR,"NR. BUNIA, CD",7,0,7,20,0,20
T1997029,1997-07-17,FOKKER F.27-600,SEMPATI AIR,"CICUKANG VILLAGE, NR. BANDUNG, ID",5,0,5,25,0,45
T1997034,1997-08-10,DORNIER 228-200,FORMOSA AIRLINES,"PISHAN HILL, NR. MATSU, TW",2,0,2,14,0,14
T1997037,1997-09-06,DORNIER 228-200,MERPATI INTAN,"LAMBIR HILLS, NR. MIRI, MY",2,0,2,8,0,8
T1997046,1997-07-18,"DHC-6 TWIN OTTER 
300",GOROKA AIR SERVICE,"NR. GOROKA, PG",1,0,1,1,1,3
T1997050,1997-12-09,"EMBRAER EMB-110P1 
BANDEIRANTE",SOWIND AIR,"LITTLE GRAND RAPIDS,  MANITOBA, CA",1,1,2,3,12,15
T1997053,1997-12-12,"FAIRCHILD SA-226TC 
METRO II",SERVICIOS Y TRANSPORTES AEREOS PETROLEROS SA,"LA VERIENTE AIRSTRIP,  LA VERIENTE, BO",1,1,2,9,3,17
T1997081,1997-09-12,"DHC-6 TWIN OTTER 
300",TMK AIR COMMUTER,"MINEMBWE MOUNTAINS, NR. UVIRA, CD",1,0,1,21,0,21
T1998002,1998-01-27,FOKKER F.27-600,MYANMA AIRWAYS,"THANDWE AP.,  THANDWE, MM",1,0,4,15,0,41
T1998007,1998-03-18,SAAB 340B,FORMOSA AIRLINES,"IN SEA, 11KMOF FF HSINCHU, TW",5,0,5,8,0,8
T1998020,1998-06-18,"FAIRCHILD SA-226TC 
METRO II",PROPAIR,"MIRABEL AP.,  MONTREAL,  QUEBEC, CA",2,0,2,9,0,9
T1998025,1998-07-30,"BEECH COMMUTER 
1900D",PROTEUS AIR SYSTEM,"BAIE DE QUIBERON, NR. VANNES, FR",2,0,2,12,0,12
T1998026,1998-07-30,DORNIER 228-200,INDIAN AIRLINES,"COCHIN AP.,  COCHIN, IN",3,0,3,3,0,3
T1998028,1998-08-21,"DHC-6 TWIN OTTER 
300",LUMBINI AIRWAYS,"MT. ANNAPURNA, NR. TATOPANI, NP",3,0,3,15,0,15
T1998029,1998-07-29,"EMBRAER EMB-110P1 
BANDEIRANTE",SELVA TAXI AEREO,"MANACAPURU RIVER, 120KM W OF  MANAUS, BR",1,0,2,4,0,21
T1998034,1998-08-24,FOKKER F.27-600,MYANMA AIRWAYS,"MT. PAYAKHA, 50KM N OF  TACHILEK, MM",4,0,4,40,0,40
T1998039,1998-09-28,"DHC-6 TWIN OTTER 
300",TACV CABO VERDE,"FRANCISCO MENDES AP.,  PRAIA, CV",0,1,2,1,5,20
T1999002,1999-01-02,"LOCKHEED 100-30 
HERCULES",TRANSAFRIK,"NR. BAILUNDO, AO",4,0,4,5,0,5
T1999011,1999-02-25,DORNIER 328-100,MINERVA ITALY,"CRISTOFORO COLOMBO AP.,  GENOA, IT",1,0,4,3,2,27
T1999014,1999-04-08,"DHC-6 TWIN OTTER 
300",AEROTACA,"CERRO LA CARBONERA, NR. MALAGA, CO",2,0,2,3,0,3
T1999027,1999-05-08,"DHC-6 TWIN OTTER 
300",VANAIR,"IN SEA OFF PARADISE COVE, NR. PORT VILA, VU",1,0,1,6,0,11
T1999033,1999-06-17,"EMBRAER EMB-110P2 
BANDEIRANTE",AIRLINK (PNG),"NR. GOROKA, PG",2,0,2,15,0,15
T1999042,1999-07-02,FOKKER F.27-600,MYANMA AIRWAYS,"ALE BARONGA ISLAND, NR. SITTWE, MM",4,0,4,4,0,4
T1999045,1999-07-24,"EMBRAER EMB-110P1 
BANDEIRANTE",AIR FIJI,"MATAICICIA HILLS, NR. SUVA, FJ",2,0,2,15,0,15
T1999049,1999-09-05,"HAWKER-SIDDELEY 
748 SRS.2B",NECON AIR,"NR. RAMKOT, NP",5,0,5,10,0,10
T1999063,1999-11-12,ATR-42-300,SI FLY,"NR. PRISTINA, YU",3,0,3,21,0,21
T1999070,1999-12-11,BRITISH AEROSPACE ATP,SATA AIR ACORES,"PICO DA ESPERANZA,  SAO JORGE ISLAND,  AZORES, PT",4,0,4,31,0,31
T1999072,1999-12-25,"DHC-6 TWIN OTTER 
300",SKYLINE AIRWAYS,"MT BURJA LEK, NR. BHOJPUR, NP",3,0,3,7,0,7
T2000001,2000-01-10,SAAB 340B,CROSSAIR,"NIEDERHASLI, NR. ZURICH, CH",3,0,3,7,0,7
T2000002,2000-01-13,SHORTS 360-300,AVISTO,"IN SEA, OFF MARSA EL BREGA, LY",1,2,3,21,11,38
T2000003,2000-01-05,"EMBRAER EMB-110P1 
BANDEIRANTE",SKYPOWER EXPRESS AIRWAYS,"ABUJA INTL. AP.,  ABUJA, NG",0,1,3,1,0,13
T2000010,2000-03-17,"DHC-6 TWIN OTTER 
300",AEROPERLAS,"PICO CARRETO, NR. QUINCE, PA",2,0,2,8,0,8
T2000018,2000-05-17,"BEECH COMMUTER 
1900C-1",AVIREX,"NR. MOANDA, GA",1,1,2,2,1,8
T2000019,2000-05-21,B.AE. JETSTREAM 31,EXECUTIVE AIRLINES,"BEAR CREEK TOWNSHIP, NR. WILKES-BARRE,  PENNSYLVANIA, US",2,0,2,17,0,17
T2000025,2000-07-08,B.AE. JETSTREAM SUPER 31,AEROCARIBE,"NR. VILLAHERMOSA, MX",2,0,2,17,0,17
T2000031,2000-07-27,"DHC-6 TWIN OTTER 
300",ROYAL NEPAL AIRLINES,"CHURE HILL, NR. DHANGARHI, NP",3,0,3,22,0,22
T2001009,2001-02-10,"A.S.T.A. (GAF) 
NOMAD N24A",GUM AIR,"NR. JAKOBKONDRE, SR",1,0,1,9,0,9
T2001010,2001-03-17,"BEECH COMMUTER 
1900C-1",SAL EXPRESS,"NR. LUBANGO, AO",2,0,2,14,1,15
T2001013,2001-03-24,"DHC-6 TWIN OTTER 
300",AIR CARAIBES,"NR. ST. BARTHELEMY AP.,  ST. BARTHELEMY, GP",2,0,2,17,0,17
T2001030,2001-08-29,CASA CN-235-200,BINTER MEDITERRANEO,"PABLO RUIZ PICASSO AP.,  MALAGA, ES",1,2,3,3,16,44
T2001063,2001-10-10,"FAIRCHILD SA-226AT 
MERLIN IVA",FLIGHTLINE SA,"IN SEA OFF COLUMBRETES ISLANDS, 154KM NE OF  VALENCIA, ES",2,0,2,8,0,8
T2002031,2002-07-17,"DHC-6 TWIN OTTER 
300",SKYLINE AIRWAYS,"GADGADE HILLS, NR. SURKHET, NP",2,0,2,2,0,2
T2002037,2002-08-22,"DHC-6 TWIN OTTER 
300",SHANGRILA AIR,"NR. POKHARA, NP",3,0,3,15,0,15
T2002038,2002-08-30,"EMBRAER EMB-120 
BRASILIA",RICO LINHAS AEREAS,"BUJARI, NR. RIO BRANCO, BR",3,0,3,20,8,28
T2002066,2002-11-06,FOKKER 50,LUXAIR,"NIEDERANVEN, LU",2,1,3,18,1,19
T2002067,2002-11-11,FOKKER F.27-600,LAOAG INTERNATIONAL AIRWAYS,"IN MANILA BAY,  MANILA, PH",2,1,5,17,3,29
T2003001,2003-01-08,"BEECH COMMUTER 
1900D",AIR MIDWEST,"CHARLOTTE-DOUGLAS INTL. AP.,  CHARLOTTE,  NORTH CAROLINA, US",2,0,2,19,0,19
T2003004,2003-01-24,"GRUMMAN 159 
GULFSTREAM I",AFRICAN COMMUTER SERVICES,"BUSIA AIRSTRIP,  BUSIA, KE",2,1,3,1,8,9
T2003016,2003-03-27,"DHC-6 TWIN OTTER 
300",AIR REGIONAL,"MT. PUNCAK JAYA, NR. GUNUNG MULIA,  PAPUA, ID",1,1,3,4,9,15
T2003045,2003-07-19,"FAIRCHILD SA-226TC 
METRO II",RYAN BLAKE AIR,"LENANA PEAK, MT KENYA, NR. NANYUKI, KE",2,0,2,12,0,12
T2003060,2003-11-08,SHORTS SC.7 SKYVAN 3,TRANS GUYANA AIRWAYS,"SOPHIA DISTRICT,  GEORGETOWN, GY",1,2,3,1,3,4
T2004004,2004-02-10,FOKKER 50,KISH AIR,"NR. SHARJAH, AE",6,0,6,37,3,40
T2004012,2004-05-14,"EMBRAER EMB-120 
BRASILIA",RICO LINHAS AEREAS,"NR. MANAUS, BR",3,0,3,30,0,30
T2004020,2004-06-08,"HAWKER-SIDDELEY 
748 SRS.2A",GABON EXPRESS,"IN SEA, OFF LIBREVILLE, GA",1,0,4,18,0,26
T2004022,2004-05-05,"FAIRCHILD SA-227AC 
METRO III",AEROTRANSPORTES PETROLEROS,"ANTONIO ROLDAN BETANCOURT AP.,  CAREPA, CO",2,0,2,1,4,5
T2004035,2004-10-18,B.AE. JETSTREAM SUPER 31,CORPORATE AIRLINES,"NR. KIRKSVILLE,  MISSOURI, US",2,0,2,11,2,13
T2004038,2004-11-18,B.AE. JETSTREAM 31,VENEZOLANA,"SIMON BOLIVAR INTL. AP.,  CARACAS, VE",0,2,2,4,15,19
T2005015,2005-04-12,"DHC-6 TWIN OTTER 
100",GT AIR,"NR. ENAROTALI, ID",3,0,3,14,0,14
T2005020,2005-05-07,"FAIRCHILD SA-227AC 
METRO 23",AERO-TROPICS AIR SERVICES,"SOUTH PAP RIDGE,  NEAR LOCKHART RIVER,  QUEENSLAND, AU",2,0,2,13,0,13
T2005034,2005-08-06,ATR-72-200,TUNINTER,"IN TYRRHENIAN SEA, 20KM OF FF PALERMO,  SICILY, IT",1,3,4,15,8,35
T2005057,2005-12-19,"GRUMMAN TURBINE 
MALLARD",CHALK'S OCEAN AIRWAYS,"GOVERNMENT CUT,  MIAMI,  FLORIDA, US",2,0,2,18,0,18
T2006030,2006-06-21,"DHC-6 TWIN OTTER 
300",YETI AIRLINES,"NR. JUMLA, NP",3,0,3,6,0,6
T2006032,2006-07-10,FOKKER F.27-600,PAKISTAN INTERNATIONAL AIRLINES,"SURAJ MIANI VILLAGE, NR. MULTAN, PK",4,0,4,41,0,41
T2006054,2006-11-17,"DHC-6 TWIN OTTER 
300",TRIGANA AIR,"MT. GERGAJI, NR. ILLAGA,  PAPUA, ID",3,0,3,9,0,9
T2007027,2007-06-23,"DHC-6 TWIN OTTER 
300",YEMENIA,"AL-NAEEM AP.,  AL-NAEEM, YE",0,2,0,1,3,0
T2007032,2007-07-08,"DHC-6 TWIN OTTER 
100",LIARD AIR,"NORTHERN ROCKIES LODGE AIRSTRIP,  MUNCHO LAKE,  BRITISH COLUMBIA, CA",0,2,2,1,0,3
T2007043,2007-08-09,"DHC-6 TWIN OTTER 
300",AIR MOOREA,"NR. TEMAE AP.,  MOOREA, PF",1,0,1,19,0,19
T2008009,2008-02-21,ATR-42-300,SANTA BARBARA AIRLINES,"LA CARA DEL INDIO, NR. MERIDA, VE",3,0,3,43,0,43
T2008023,2008-05-02,"BEECH COMMUTER 
1900C-1",SOUTHERN SUDAN AIR CONNECTION,"NR. RUMBEK, SD",2,0,2,19,0,19
T2008043,2008-07-10,BEECH 99A,INVERSIONES AERES PATAGONIA,"PUERTO MONTT, CL",1,0,1,8,0,8
T2008060,2008-09-01,"BEECH COMMUTER 
1900C-1",AIR SERV INTERNATIONAL,"MT. KAHUZI, NR. BUKAVU, CD",2,0,2,15,0,15
T2008067,2008-10-08,"DHC-6 TWIN OTTER 
300",YETI AIRLINES,"TENZING-HILLARY AP.,  LUKLA, NP",2,1,3,16,0,16
T2009005,2009-02-07,"EMBRAER EMB-110P1 
BANDEIRANTE",MANAUS AERO TAXI,"MANACAPURU RIVER,  MANACAPURU, BR",2,0,2,22,0,26
T2009006,2009-02-12,DHC DASH 8-400,COLGAN AIR,"CLARENCE CENTER,  NEW YORK, US",4,0,4,45,0,45
T2009039,2009-08-02,"DHC-6 TWIN OTTER 
300",MERPATI NUSANTARA AIRLINES,"NR. AMPISIBIL,  PAPUA, ID",3,0,3,12,0,12
T2009042,2009-08-11,"DHC-6 TWIN OTTER 
300",AIRLINES PNG,"NR. KOKODA, PG",2,0,2,11,0,11
T2010006,2010-01-25,"EMBRAER EMB-110 
BANDEIRANTE",PIQUIATUBA TAXI AEREO,"NR. SENADOR JOSE PORFIRIO, BR",1,0,2,1,0,8
T2010036,2010-06-19,CASA 212-100,AERO SERVICE (CONGO BRAZZAVILLE),"AVIMA RIDGE, NR. YANGADOU, CG",2,0,2,9,0,9
T2010045,2010-08-24,DORNIER 228-100,AGNI AIR,"NR. BASTIPUR, NP",3,0,3,11,0,11
T2010049,2010-09-13,ATR-42-300,CONVIASA,"PUERT ORDAZ, VE",3,0,4,14,0,47
T2010061,2010-11-05,"BEECH COMMUTER 
1900C-1",JS AIR,"GULISTAN-E-JAUHAR,  KARACHI, PK",3,0,3,18,0,18
T2010062,2010-11-04,ATR-72-210,AEROCARIBBEAN,"NR. GUASIMAL, CU",7,0,7,61,0,61
T2010078,2010-12-15,"DHC-6 TWIN OTTER 
300",TARA AIR,"PALUNGE MT, NR. RUMJATAR,  OKHALDHUNGA DISTRICT, NP",3,0,3,19,0,19
T2011005,2011-02-10,"FAIRCHILD SA-227AC 
METRO III",MANX2,"CORK AP.,  CORK,  COUNTY CORK, IE",2,0,2,4,4,10
T2011028,2011-05-18,SAAB 340A,SOL LINEAS AEREAS,"PRAHUANIYEU, 35KM SE OF  LOS MENUCOS,  RIO NEGRO, AR",3,0,3,19,0,19
T2011047,2011-09-06,"FAIRCHILD SA-227AC 
METRO III",AEROCON,"NR. TRINIDAD, BO",2,0,2,6,1,7
T2011050,2011-09-20,BEECH 99A,SALSA D'HAITI,"NR. MILOT, HT",2,0,2,1,0,1
T2011053,2011-09-25,"BEECH COMMUTER 
1900D",BUDDHA AIR,"KOT DANDA HILL, NR. KATHMANDU, NP",3,0,3,16,0,16
T2011054,2011-09-29,IPTN 212-200,NUSANTARA BUANA AIR,"MT. LEUSER, NR. KUTACANE,  NORTH SUMATRA, ID",4,0,4,16,0,16
T2011057,2011-10-13,DHC DASH 8-100,AIRLINES PNG,"35KM SSE OF  MADANG, PG",1,1,4,27,1,28
T20120076,2012-12-22,"FAIRCHILD SA-227AC 
METRO III",PERIMETER AIRLINES,"SANIKILUAQ AP.,  SANIKILUAQ,  NUNAVUT, CA",0,2,2,1,0,7
T2012018,2012-04-02,ATR-72-200,UTAIR,"NR. ROSCHINO INTL. AP.,  TYUMEN, RU",4,0,4,29,10,39
T2012019,2012-04-08,"DHC-6 TWIN OTTER 
300",TRIGANA AIR,"MULIA AP.,  MULIA,  PAPUA, ID",0,2,2,1,2,6
T2012027,2012-05-14,DORNIER 228-200,AGNI AIR,"JOMSOM, NP",2,1,3,13,5,18
T2012058,2012-09-28,DORNIER 228-200,SITA AIR,"MADHYAPUR THIMI DISTRICT,  KATHMANDU, NP",3,0,3,16,0,16
T20130039,2013-10-03,"EMBRAER EMB-120 
BRASILIA",ASSOCIATED AVIATION,"MURTALA MUHAMMED AP.,  LAGOS, NG",4,0,4,11,5,16
T20130042,2013-10-10,"DHC-6 TWIN OTTER 
300",MASWINGS,"KUDAT AP.,  KUDAT, MY",1,1,2,1,3,14
T20130043,2013-10-16,ATR-72-600,LAO AIRLINES,"MEKONG RIVER, NR. PAKSE, LA",5,0,5,44,0,44
T20130049,2013-11-03,"FAIRCHILD SA-227AC 
METRO III",AEROCON,"GENERAL BUECH AP.,  RIBERALTA, BO",0,2,2,8,1,16
T20130050,2013-11-10,"FAIRCHILD SA-227AC 
METRO III",BEARSKIN AIRLINES,"RED LAKE AP.,  RED LAKE,  ONTARIO, CA",2,0,2,3,0,5
T20140012,2014-02-16,"DHC-6 TWIN OTTER 
300",NEPAL AIRLINES,"MASINE LEK, NR. KHIDIM, NP",3,0,3,15,0,15
T20140034,2014-07-23,ATR-72-500,TRANSASIA AIRWAYS,"XIXI VILLAGE,  HUHSI TOWNSHIP, TW",4,0,4,44,10,54
T20140046,2014-09-20,"DHC-6 TWIN OTTER 
300",HEVILIFT LTD,"MOUNT LAWES, NR. PORT MORESBY,  CENTRAL PROVINCE, PG",2,0,2,2,5,7
T20150004,2015-02-04,ATR-72-600,TRANSASIA AIRWAYS,"KEELUNG RIVER,  TAIPEI, TW",4,1,5,39,13,53
T20150043,2015-08-16,ATR-42-300,TRIGANA AIR,"MOUNT TANGGO, 19KM NW OF  OKSIBIL,  PAPUA, ID",5,0,5,49,0,49
T20150057,2015-10-02,"DHC-6 TWIN OTTER 
300",AVIASTAR MANDIRI,"GUNUNG BAJAJA, 100KM SSW OF  MASAMBA,  SOUTH SULAWESI, ID",2,0,2,8,0,8
T20160005,2016-02-24,"DHC-6 TWIN OTTER 
400 (VIKING)",TARA AIR,"RUPSE CHHAHARI, NP",3,0,3,20,0,20
