"WAAS Subset Event Id","Local Event Date","Aircraft","Aircraft Operator","Event Location","Crew Fatalities","Crew Injured","Crew Aboard","PAX Fatalities","PAX Injuries","PAX Aboard"
"J1990003","25-JAN-90","BOEING 707-320B
","AVIANCA","COVE NECK,  LONG ISLAND,  NEW YORK, US","8","1","9","65","80","149"
"J1990004","14-FEB-90","AIRBUS A320-230
","INDIAN AIRLINES","HINDUSTAN AP.,  BANGALORE, IN","4","1","7","88","21","139"
"J1990014","11-MAY-90","BOEING 737-300
","PHILIPPINE AIRLINES","NINOY AQUINO INTL. AP.,  MANILA, PH","0","0","6","8","0","113"
"J1990023","02-OCT-90","BOEING 757-200
","CHINA SOUTHERN AIRLINES","BAIYUN AP.,  GUANGZHOU, CN","0","0","12","46","34","110"
"J1990024","02-OCT-90","BOEING 737-200 ADV.
","XIAMEN AIRLINES","BAIYUN AP.,  GUANGZHOU, CN","7","2","9","75","16","93"
"J1990030","14-NOV-90","DOUGLAS DC-9-32
","ALITALIA","MOUNT STADLERBERG, NR. ZURICH, CH","6","0","6","40","0","40"
"J1990035","03-DEC-90","DOUGLAS DC-9-14
","NORTHWEST AIRLINES","WAYNE COUNTY AP.,  DETROIT,  MICHIGAN, US","1","0","4","7","10","40"
"J1991002","01-FEB-91","BOEING 737-300
","USAIR","LOS ANGELES INTL. AP.,  LOS ANGELES,  CALIFORNIA, US","2","2","6","20","11","83"
"J1991006","20-FEB-91","BRITISH AEROSPACE 
146-200","LAN CHILE","GUARDIAMARINA SANARTU,  PUERTO WILLIAMS,  NAVARINO ISLAND, CL","0","0","7","20","2","65"
"J1991009","03-MAR-91","BOEING 737-200 ADV.
","UNITED AIRLINES","NR. COLORADO SPRINGS MUNICIPAL AP.,  COLORADO SPRINGS,  COLORADO, US","5","0","5","20","0","20"
"J1991011","05-MAR-91","DOUGLAS DC-9-32
","LAV - AEROPOSTAL","MOUNT LA AGUADA, NR. VALESA, VE","5","0","5","40","0","40"
"J1991020","26-MAY-91","BOEING 767-300ER
","LAUDA AIR","DAN CHANG DISTRICT, 177KM NW OF  BANGKOK, TH","10","0","10","213","0","213"
"J1991027","26-JUN-91","BAC ONE-ELEVEN 400
","OKADA AIR","NR. SOKOTO, NG","0","0","5","4","7","48"
"J1991032","11-JUL-91","DOUGLAS DC-8-61
","NATIONAIR CANADA","KING ABDULAZIZ INTL. AP.,  JEDDAH, SA","14","0","14","247","0","247"
"J1991034","16-AUG-91","BOEING 737-200 ADV.
","INDIAN AIRLINES","THANGJING HILL, NR. IMPHAL, IN","6","0","6","63","0","63"
"J1992005","20-JAN-92","AIRBUS A320-110
","AIR INTER","MONT SAINT ODILE, NR. STRASBOURG, FR","5","1","6","82","4","90"
"J1992021","22-MAR-92","FOKKER F.28-4000
","USAIR","LA GUARDIA AP.,  NEW YORK,  NEW YORK, US","2","1","4","25","8","47"
"J1992026","06-JUN-92","BOEING 737-200 ADV.
","COPA PANAMA","NR. TOCUTI, PA","7","0","7","40","0","40"
"J1992031","31-JUL-92","AIRBUS A310-300
","THAI INTERNATIONAL","MOUNT TALAKU SHIR, NR. KATHMANDU, NP","14","0","14","99","0","99"
"J1992036","28-SEP-92","AIRBUS A300 B4-200
","PAKISTAN INTERNATIONAL AIRLINES","NR. TRIBHUVAN INTL. AP.,  KATHMANDU, NP","12","0","12","155","0","155"
"J1992049","24-NOV-92","BOEING 737-300
","CHINA SOUTHERN AIRLINES","NR. GUILIN, CN","8","0","8","133","0","133"
"J1992055","21-DEC-92","DOUGLAS DC-10-30CF
","MARTINAIR HOLLAND","FARO AP.,  FARO, PT","2","2","13","54","104","327"
"J1992056","22-DEC-92","BOEING 727-200 ADV.
","LIBYAN ARAB AIRLINES","NR. TRIPOLI, LY","10","0","10","147","0","147"
"J1993004","05-MAR-93","FOKKER 100
","PALAIR MACEDONIAN","PETROVAC AP.,  SKOPJE, MK","4","0","5","79","13","92"
"J1993011","06-APR-93","DOUGLAS MD-11
","CHINA EASTERN AIRLINES","IN FLIGHT OFF SHEMYA,  ALEUTIAN ISLANDS,  ALASKA, US","0","1","16","2","14","248"
"J1993014","26-APR-93","BOEING 737-200 ADV.
","INDIAN AIRLINES","CHIKKALTHANA AP.,  AURANGABAD, IN","4","0","6","52","15","112"
"J1993017","19-MAY-93","BOEING 727-100
","SAM COLOMBIA","MT PARAMO FRONTINO, NR. MEDELLIN, CO","7","0","7","125","0","125"
"J1993023","01-JUL-93","FOKKER F.28-3000
","MERPATI NUSANTARA AIRLINES","NR. JEFMAN AP.,  SORONG,  IRIAN JAYA, ID","4","0","4","37","2","39"
"J1993028","23-JUL-93","BRITISH AEROSPACE 
146-300","CHINA NORTHWEST AIRLINES","YINCHUAN AP.,  YINCHUAN, CN","1","2","5","54","14","108"
"J1993030","26-JUL-93","BOEING 737-500
","ASIANA AIRLINES","NR. MOKPO, KR","4","2","6","64","24","104"
"J1993042","14-SEP-93","AIRBUS A320-210
","LUFTHANSA","OKECIE AP.,  WARSAW, PL","1","1","6","1","8","64"
"J1993044","26-OCT-93","DOUGLAS MD-82
","CHINA EASTERN AIRLINES","FUZHOU AP.,  FUZHOU,  FUJIAN PROVINCE, CN","0","1","9","2","12","71"
"J1993048","13-NOV-93","DOUGLAS MD-82
","CHINA NORTHERN AIRLINES","URUMQI AP.,  URUMQI,  XINJIANG, CN","4","0","10","8","7","92"
"J1994007","23-MAR-94","AIRBUS A310-300
","AEROFLOT RUSSIAN INTERNATIONAL AIRLINES","NR. MEZHDURECHENSK, 76KM E OF  NOVOKUZNETSK,  KEMEROSKOI, RU","12","0","12","63","0","63"
"J1994010","26-APR-94","AIRBUS A300-620R
","CHINA AIRLINES","KOMAKI AP.,  NAGOYA, JP","15","0","15","249","7","256"
"J1994018","01-JUL-94","FOKKER F.28-6000
","AIR MAURITANIE","TIDJIKJA AP.,  TIDJIKJA, MR","4","0","4","76","9","89"
"J1994019","02-JUL-94","DOUGLAS DC-9-31
","USAIR","CHARLOTTE-DOUGLAS INTL. AP.,  CHARLOTTE,  NORTH CAROLINA, US","0","2","5","37","14","52"
"J1994028","08-SEP-94","BOEING 737-300
","USAIR","ALIQUIPPA, 38KM NW OF  PITTSBURGH,  PENNSYLVANIA, US","5","0","5","127","0","127"
"J1994030","18-SEP-94","BAC ONE-ELEVEN 500
","ORIENTAL AIRLINES","AGUENAR AP.,  TAMANRASSET, DZ","3","4","7","2","30","32"
"J1994036","12-OCT-94","FOKKER F.28-1000
","IRAN ASSEMAN AIRLINES","KARKAS MOUNTAINS, NR. NATANZ, IR","7","0","7","59","0","59"
"J1994047","11-DEC-94","BOEING 747-200BM
","PHILIPPINE AIRLINES","NR. MINAMI DAITO ISLAND, 300KM E OF  OKINAWA, JP","0","0","20","1","0","273"
"J1994053","29-DEC-94","BOEING 737-400
","THY - TURKISH AIRLINES","NR. VAN AP.,  VAN, TR","5","2","7","52","17","69"
"J1994054","24-DEC-94","AIRBUS A300 B2-100
","AIR FRANCE","HOUARI BOUMEDIENE AP.,  ALGIERS, DZ","0","1","12","3","0","227"
"J1995002","11-JAN-95","DOUGLAS DC-9-14
","INTERCONTINENTAL COLOMBIA","MARIA LA BAJA, 40KM S OF  CARTAGENA, CO","5","0","5","46","1","47"
"J1995012","31-MAR-95","AIRBUS A310-320
","TAROM","NR. OTOPENI AP.,  BUCHAREST, RO","10","0","10","50","0","50"
"J1995014","20-DEC-95","BOEING 757-200
","AMERICAN AIRLINES","MT. EL DELUVIO, NR. BUGA, CO","8","0","8","152","4","156"
"J1995084","09-AUG-95","BOEING 737-200 ADV.
","AVIATECA","MT. CHICHONTEPEC, NR. SAN SALVADOR, SV","7","0","7","58","0","58"
"J1995090","13-NOV-95","BOEING 737-200 ADV.
","NIGERIA AIRWAYS","KADUNA AP.,  KADUNA, NG","0","0","8","9","4","129"
"J1995094","03-DEC-95","BOEING 737-200 ADV.
","CAMEROON AIRLINES","NR. DOUALA, CM","4","2","6","68","4","72"
"J1996006","06-FEB-96","BOEING 757-200
","BIRGENAIR","IN ATLANTIC OCEAN, 22KM N OF  PUERTO PLATA, DO","13","0","13","176","0","176"
"J1996007","29-FEB-96","BOEING 737-200
","FAUCETT","NR. RODRIQUEZ BALLON AP.,  AREQUIPA, PE","6","0","6","117","0","117"
"J19960077","05-SEP-96","BOEING 747-400
","AIR FRANCE","NR. OUAGADOUGOU, BF","0","0","18","1","2","206"
"J1996014","11-MAY-96","DOUGLAS DC-9-32
","VALUJET","IN EVERGLADES, 25KM W OF  OPA LOCKA,  FLORIDA, US","5","0","5","105","0","105"
"J1996024","13-JUN-96","DOUGLAS DC-10-30
","GARUDA INDONESIA","FUKUOKA AP.,  FUKUOKA,  FUKUOKA PREFECTURE, JP","0","2","15","3","16","260"
"J1996025","17-JUL-96","BOEING 747-100
","TRANS WORLD AIRLINES","OFF MORICHES INLET, NR. MASTIC BEACH,  NEW YORK, US","18","0","18","212","0","212"
"J1996027","06-JUL-96","DOUGLAS MD-88
","DELTA AIR LINES","PENSACOLA REGIONAL AP.,  PENSACOLA,  FLORIDA, US","0","0","5","2","2","137"
"J1996031","02-OCT-96","BOEING 757-200
","AERO PERU","IN SEA, OFF ANCON, PE","9","0","9","61","0","61"
"J1996038","31-OCT-96","FOKKER 100
","TAM - TRANSPORTES AÉREOS REGIONAIS SA","PARQUE JABAQUARA DISTRICT,  SAO PAULO, BR","6","0","6","89","0","89"
"J1996039","12-NOV-96","BOEING 747-100B
","SAUDI ARABIAN AIRLINES","NR. CHARKHI DADRI, 83KM W OF  DELHI, IN","23","0","23","289","0","289"
"J1996040","07-NOV-96","BOEING 727-200
","ADC AIRLINES","EJIRIN LAGOON, 40KM ENE OF  LAGOS, NG","9","0","9","134","0","134"
"J1996042","23-NOV-96","BOEING 767-200ERM
","ETHIOPIAN AIRLINES","OFF LE GALAWA BEACH, 25KM N OF  MORONI,  GRANDE COMORE ISLAND, KM","10","0","12","117","5","163"
"J1997011","08-MAY-97","BOEING 737-300
","CHINA SOUTHERN AIRLINES","HUANGTIAN INTL. AP.,  SHENZHEN,  GUANGDONG, CN","2","0","9","33","0","65"
"J1997020","09-JUL-97","FOKKER 100
","TAM - TRANSPORTES AÉREOS REGIONAIS SA","NR. SUZANO, BR","0","0","5","1","0","55"
"J1997024","06-AUG-97","BOEING 747-300
","KOREAN AIR","NIMITZ HILL, NR. AGANA, GU","14","3","17","215","22","237"
"J1997037","26-SEP-97","AIRBUS A300 B4-220F
","GARUDA INDONESIA","NR. MEDAN, ID","12","0","12","222","0","222"
"J1997040","10-OCT-97","DOUGLAS DC-9-32
","AUSTRAL","ARROYO SANCHEZ, NR. FRAY BENTOS, UY","5","0","5","69","0","69"
"J1997051","19-DEC-97","BOEING 737-300
","SILKAIR","MUSI RIVER,, 56KM FROM  PALEMBANG, ID","7","0","7","97","0","97"
"J1997052","28-DEC-97","BOEING 747-100
","UNITED AIRLINES","1750KM E OF  TOKYO, JP","0","3","19","1","15","374"
"J1998003","02-FEB-98","DOUGLAS DC-9-32
","CEBU PACIFIC AIR","MT SUMAGAYA, NR. CAGAYAN DE ORO,  MINDANAO, PH","5","0","5","99","0","99"
"J1998007","16-FEB-98","AIRBUS A300-620R
","CHINA AIRLINES","CHIANG KAI SHEK INTL. AP.,  TAIPEI, TW","14","0","14","182","0","182"
"J1998014","19-MAR-98","BOEING 727-200 ADV.
","ARIANA AFGHAN AIRLINES","MT. SHAKHI BARANTA, NR. KABUL, AF","10","0","10","35","0","35"
"J1998019","20-APR-98","BOEING 727-200 ADV.
","TAME ECUADOR","CERRO EL CABLE, NR. BOGOTA, CO","10","0","10","43","0","43"
"J1998041","02-SEP-98","DOUGLAS MD-11
","SWISSAIR","IN SEA, 9KMOF FF PEGGY'S COVE,  NOVA SCOTIA, CA","14","0","14","215","0","215"
"J1998046","25-SEP-98","BRITISH AEROSPACE 
146-100","PAUKN AIR","CAP TRES FORCAS AREA, NR. MELILLA, MA","4","0","4","34","0","34"
"J1998057","10-OCT-98","BOEING 727-100
","CONGO AEROSPACE","NR. KINDU, CD","3","0","3","38","0","38"
"J1998067","11-DEC-98","AIRBUS A310-200
","THAI INTERNATIONAL","SURAT THANI AP.,  SURAT THANI, TH","11","0","14","91","0","132"
"J1999053","01-JUN-99","DOUGLAS MD-82
","AMERICAN AIRLINES","NATIONAL AP. (ADAMS FIELD),  LITTLE ROCK,  ARKANSAS, US","1","4","6","10","41","139"
"J1999062","24-AUG-99","DOUGLAS MD-90-30
","UNI AIR","HUALIEN AP.,  HUALIEN, TW","0","0","6","1","13","90"
"J1999064","31-AUG-99","BOEING 737-200C
","LAPA","AEROPARQUE JORGE NEWBERY,  BUENOS AIRES, AR","3","0","5","60","15","95"
"J1999068","22-AUG-99","DOUGLAS MD-11
","CHINA AIRLINES","CHEP LAP KOK INTL. AP.,  HONG KONG, HK","0","6","15","3","44","300"
"J1999069","14-SEP-99","BOEING 757-200
","BRITANNIA AIRWAYS","COSTA BRAVA AP.,  GERONA, ES","0","0","9","1","2","236"
"J1999080","31-OCT-99","BOEING 767-300ER
","EGYPTAIR","NORTH ATLANTIC OCEAN, 100KM S OF  NANTUCKET ISLAND,  MASSACHUSETTS, US","14","0","14","203","0","203"
"J1999081","09-NOV-99","DOUGLAS DC-9-31CF(M)
","TAESA","NR. URUAPAN, MX","5","0","5","13","0","13"
"J1999092","21-DEC-99","DOUGLAS DC-10-30
","CUBANA","LA AURORA AP.,  GUATEMALA CITY, GT","8","0","18","8","0","296"
"J2000001","31-JAN-00","DOUGLAS MD-83
","ALASKA AIRLINES","IN SEA, OFF POINT MUGU,  CALIFORNIA, US","5","0","5","83","0","83"
"J2000002","30-JAN-00","AIRBUS A310-300
","KENYA AIRWAYS","IN SEA, OFF ABIDJAN, CI","10","0","10","159","0","169"
"J2000024","19-APR-00","BOEING 737-200 ADV.
","AIR PHILIPPINES","SAMAL ISLAND, NR. DAVAO, PH","7","0","7","124","0","124"
"J2000039","25-JUL-00","BAC/SUD CONCORDE
","AIR FRANCE","GONESSE, NR. PARIS, FR","9","0","9","100","0","100"
"J2000040","17-JUL-00","BOEING 737-200 ADV.
","ALLIANCE AIR","GARDANIBAGH DISTRICT,  PATNA, IN","6","0","6","49","2","52"
"J2000045","23-AUG-00","AIRBUS A320-210
","GULF AIR","NR. AL MANAMA, BH","8","0","8","135","0","135"
"J2000052","31-OCT-00","BOEING 747-400
","SINGAPORE AIRLINES","CHIANG KAI SHEK INTL. AP.,  TAIPEI, TW","4","4","20","79","35","159"
"J2001065","11-SEP-01","BOEING 767-200ER
","AMERICAN AIRLINES","NORTH TOWER, WORLD TRADE CENTER,  NEW YORK,  NEW YORK, US","11","0","11","81","0","81"
"J2001066","11-SEP-01","BOEING 757-200
","AMERICAN AIRLINES","THE PENTAGON,  ARLINGTON,  VIRGINIA, US","6","0","6","58","0","58"
"J2001067","11-SEP-01","BOEING 757-200
","UNITED AIRLINES","STONEY CREEK TOWNSHIP, NR. SOMERSET,  PENNSYLVANIA, US","7","0","7","37","0","37"
"J2001068","11-SEP-01","BOEING 767-200
","UNITED AIRLINES","SOUTH TOWER, WORLD TRADE CENTER,  NEW YORK,  NEW YORK, US","9","0","9","56","0","56"
"J2001072","08-OCT-01","DOUGLAS MD-87
","SAS","LINATE AP.,  MILAN, IT","6","0","6","104","0","104"
"J2001080","12-NOV-01","AIRBUS A300-600R
","AMERICAN AIRLINES","BELLE HARBOR, QUEENS,  NEW YORK,  NEW YORK, US","9","0","9","251","0","251"
"J2001081","15-SEP-01","FOKKER 100
","TAM LINHAS AEREAS","132KM FROM  BELO HORIZONTE, BR","0","0","6","1","0","82"
"J2001082","24-NOV-01","AVRO RJ100
","CROSSAIR","GEISSBUHL, NR. ZURICH, CH","3","1","5","21","4","28"
"J2002003","28-JAN-02","BOEING 727-100
","TAME ECUADOR","VOLCAN CUMBAL, NR. IPIALES, CO","9","0","9","83","0","83"
"J2002015","15-APR-02","BOEING 767-200ER
","AIR CHINA","NR. KIMHAE INTL. AP.,  PUSAN, KR","8","3","11","120","25","155"
"J2002017","04-MAY-02","BAC ONE-ELEVEN 500
","EAS AIRLINES","GWAMMAJA DISTRICT,  KANO, NG","6","1","7","67","1","70"
"J2002018","07-MAY-02","BOEING 737-500
","EGYPTAIR","NR. TUNIS, TN","3","0","6","11","0","56"
"J2002019","07-MAY-02","DOUGLAS MD-82
","CHINA NORTHERN AIRLINES","IN SEA, OFF DALIAN, CN","9","0","9","103","0","103"
"J2002022","25-MAY-02","BOEING 747-200B
","CHINA AIRLINES","IN SEA, 38KM N OF  PENGHU ISLANDS, TW","19","0","19","206","0","206"
"J2003002","08-JAN-03","AVRO RJ100
","THY - TURKISH AIRLINES","DIYARBAKIR, TR","5","0","5","70","5","75"
"J2003003","09-JAN-03","FOKKER F.28-1000
","TANS-TRANSPORTES AEREOS NACIONALES DE LA SELVA","CERRO COLORQUE, NR. CHACHAPOYAS, PE","5","0","5","41","0","41"
"J2003014","06-MAR-03","BOEING 737-200 ADV.
","AIR ALGERIE","AGUENAR AP.,  TAMANRASSET, DZ","6","0","6","97","1","98"
"J2003119","08-JUL-03","BOEING 737-200C ADV.
","SUDAN AIRWAYS","NR. PORT SUDAN, SD","11","0","11","105","1","106"
"J2003155","25-DEC-03","BOEING 727-200 ADV.
","UTA GUINEE","CADJEHOUN AP.,  COTONOU, BJ","5","5","10","136","17","153"
"J2004001","03-JAN-04","BOEING 737-300
","FLASH AIRLINES","IN MADIQ TIRAN, OFF SHARM EL-SHEIKH, EG","7","0","7","141","0","141"
"J2004068","21-NOV-04","CANADAIR RJ 200LR
","CHINA EASTERN AIRLINES YUNNAN","BAOTOU AP.,  BAOTOU, CN","6","0","6","47","0","47"
"J2004072","30-NOV-04","DOUGLAS MD-82
","LION AIRLINES","ADI SUMARMO AP.,  SOLO,  JAVA, ID","2","3","7","23","56","156"
"J2005007","03-FEB-05","BOEING 737-200 ADV.
","KAM AIR","CHAPERI GHAR, NR. KABUL, AF","6","0","6","98","0","98"
"J2005022","20-APR-05","BOEING 707-320C
","SAHA AIR","MEHRABAD INTL. AP.,  TEHRAN, IR","0","0","16","3","0","157"
"J2005050","14-AUG-05","BOEING 737-300
","HELIOS AIRWAYS","NR. GRAMMATIKOS, GR","6","0","6","115","0","115"
"J2005051","16-AUG-05","DOUGLAS MD-82
","WEST CARIBBEAN AIRWAYS","NR. MACHIQUES,  ZULIA, VE","8","0","8","152","0","152"
"J2005053","23-AUG-05","BOEING 737-200 ADV.
","TANS-TRANSPORTES AEREOS NACIONALES DE LA SELVA","NR. PUCALLPA, PE","5","0","7","35","0","91"
"J2005062","05-SEP-05","BOEING 737-200 ADV.
","MANDALA AIRLINES","POLONIA AP.,  MEDAN,  SUMATRA, ID","5","0","5","95","15","112"
"J2005068","22-OCT-05","BOEING 737-200 ADV.
","BELLVIEW AIRLINES","NR. LISA, NG","6","0","6","111","0","111"
"J2005083","10-DEC-05","DOUGLAS DC-9-32
","SOSOLISO AIRLINES","PORT HARCOURT INTL. AP.,  PORT HARCOURT, NG","7","0","7","101","2","103"
"J2006015","03-MAY-06","AIRBUS A320-210
","ARMAVIA","IN BLACK SEA, OFF SOCHI, RU","8","0","8","105","0","105"
"J2006041","09-JUL-06","AIRBUS A310-320
","S7 AIRLINES","IRKUTSK INTL. AP.,  IRKUTSK, RU","5","3","8","120","38","195"
"J2006052","27-AUG-06","CANADAIR RJ 100
","COMAIR","BLUE GRASS AP.,  LEXINGTON,  KENTUCKY, US","2","1","3","47","0","47"
"J2006065","29-SEP-06","BOEING 737-800
","GOL LINHAS AEREAS","NR. PEIXOTE AZEVEDO, BR","6","0","6","148","0","148"
"J2006068","10-OCT-06","BRITISH AEROSPACE 
146-200","ATLANTIC AIRWAYS (FAROE ISLANDS)","SORSTOKKEN AP.,  STORD, NO","1","0","3","3","6","13"
"J2006078","29-OCT-06","BOEING 737-200 ADV.
","ADC AIRLINES","ABUJA INTL. AP.,  ABUJA, NG","4","1","5","92","7","100"
"J2007001","01-JAN-07","BOEING 737-400
","ADAM AIR","MAKASSAR STRAIT, OFF MAKASSAR, ID","6","0","6","96","0","96"
"J2007017","07-MAR-07","BOEING 737-400
","GARUDA INDONESIA","ADISUTJIPTO AP.,  YOGYAKARTA,  JAWA, ID","1","1","7","20","11","133"
"J2007030","05-MAY-07","BOEING 737-800
","KENYA AIRWAYS","NR. DOUALA, CM","6","0","6","108","0","108"
"J2007044","28-JUN-07","BOEING 737-200 ADV.
","TAAG - ANGOLA AIRLINES","M'BANZA CONGO AP.,  M'BANZA CONGO, AO","1","0","7","4","0","78"
"J2007050","17-JUL-07","AIRBUS A320-230
","TAM LINHAS AEREAS","CONGONHAS INTL. AP.,  SAO PAULO, BR","6","0","6","181","0","181"
"J2007065","16-SEP-07","DOUGLAS MD-82
","ONE-TWO-GO","PHUKET INTL. AP.,  PHUKET, TH","5","2","7","85","38","123"
"J2007085","30-NOV-07","DOUGLAS MD-83
","ATLASJET AIRLINES","NR. ISPARTA, TR","7","0","7","50","0","50"
"J2008024","15-APR-08","DOUGLAS DC-9-51
","HEWA BORA AIRWAYS","GOMA INTL. AP.,  GOMA, CD","0","0","7","15","58","79"
"J2008036","30-MAY-08","AIRBUS A320-230
","TACA INTERNATIONAL AIRLINES","TONCONTIN INTL. AP.,  TEGUCIGALPA, HN","1","0","6","2","60","129"
"J2008037","10-JUN-08","AIRBUS A310-320
","SUDAN AIRWAYS","KHARTOUM INTL. AP.,  KHARTOUM, SD","1","0","11","29","0","203"
"J2008063","20-AUG-08","DOUGLAS MD-82
","SPANAIR","BARAJAS INTL. AP.,  MADRID, ES","6","0","6","148","18","166"
"J2008064","24-AUG-08","BOEING 737-200 ADV.
","ITEK AIR","DZHANY-DZHER, NR. BISHKEK, KG","0","0","6","65","0","84"
"J2008071","14-SEP-08","BOEING 737-500
","AEROFLOT-NORD","NR. PERM, RU","6","0","6","82","0","82"
"J2009012","25-FEB-09","BOEING 737-800
","TURKISH AIRLINES (THY)","NR. SCHIPHOL AP.,  AMSTERDAM, NL","4","0","7","5","28","127"
"J2009031","01-JUN-09","AIRBUS A330-200
","AIR FRANCE","ATLANTIC OCEAN, NE OF  NATAL, BR","12","0","12","216","0","216"
"J2009089","30-JUN-09","AIRBUS A310-320
","YEMENIA","IN SEA, OFF GRAND COMORE ISLAND, KM","11","0","11","141","1","142"
"J2009129","12-NOV-09","CANADAIR RJ 100
","RWANDAIR","GREGOIRE KAYIBANDA AP.,  KIGALI, RW","0","2","5","1","0","10"
"J2010007","25-JAN-10","BOEING 737-800
","ETHIOPIAN AIRLINES","IN MEDITERRANEAN SEA, OFF NAAMEH, LB","8","0","8","82","0","82"
"J2010043","12-MAY-10","AIRBUS A330-200
","AFRIQIYAH AIRWAYS","TRIPOLI, LY","11","0","11","92","1","93"
"J2010045","22-MAY-10","BOEING 737-800
","AIR INDIA EXPRESS","BAJPE AP.,  MANGALORE, IN","6","0","6","152","3","160"
"J2010059","28-JUL-10","AIRBUS A321-230
","AIRBLUE","MARGALLA HILLS, NR. ISLAMABAD, PK","6","0","6","146","0","146"
"J2010067","16-AUG-10","BOEING 737-700
","AIRES COLOMBIA","SESQUICENTENARIO AP.,  SAN ANDRES ISLAND, CO","0","0","6","2","12","125"
"J2010071","24-AUG-10","EMBRAER 190 LR
","HENAN AIRLINES","LINDU AP.,  YICHUN CITY, CN","3","1","5","39","17","91"
"J2011001","09-JAN-11","BOEING 727-200 ADV.
","IRAN AIR","NR. ORUMIYEH, IR","9","1","10","69","26","95"
"J2011015","04-APR-11","CANADAIR RJ 100
","AIRZENA - GEORGIAN AIRWAYS","N'DJILI INTL. AP.,  KINSHASA, CD","4","0","4","28","1","29"
"J2011038","08-JUL-11","BOEING 727-100
","HEWA BORA AIRWAYS","BANGOKA INTL. AP.,  KISANGANI, CD","4","0","6","79","0","112"
"J2011045","20-AUG-11","BOEING 737-200 ADV.
","FIRST AIR","NR. RESOLUTE BAY,  NUNAVUT, CA","4","0","4","8","3","11"
"J2012014","20-APR-12","BOEING 737-200 ADV.
","BHOJA AIR","HUSSAIN ABAD, NR. ISLAMABAD, PK","6","0","6","121","0","121"
"J20120195","25-DEC-12","FOKKER 100
","AIR BAGAN","HEHO, MM","0","2","6","1","7","65"
"J2012025","03-JUN-12","DOUGLAS MD-83
","DANA AIR","LAGOS, NG","6","0","6","147","0","147"
"J20130001","29-JAN-13","CANADAIR RJ 200LR
","SCAT","ALMATY INTL. AP.,  ALMATY, KZ","5","0","5","16","0","16"
"J20130030","06-JUL-13","BOEING 777-200ER
","ASIANA AIRLINES","SAN FRANCISCO INTL. AP.,  SAN FRANCISCO,  CALIFORNIA, US","0","6","16","3","41","291"
"J20130055","17-NOV-13","BOEING 737-500
","TATARSTAN AIR","KAZAN AP.,  KAZAN, RU","6","0","6","44","0","44"
"J20130058","29-NOV-13","EMBRAER 190 AR
","LINHAS AEREAS DE MOCAMBIQUE","BWABWATA NATIONAL PARK, 200KM E OF  RUNDU, NA","6","0","6","27","0","27"
"J20140018","08-MAR-14","BOEING 777-200ER
","MALAYSIA AIRLINES","MISSING,  SOUTHERN INDIAN OCEAN, 00","12","0","12","227","0","227"
"J20140054","24-JUN-14","AIRBUS A310-320
","PAKISTAN INTERNATIONAL AIRLINES","PESHAWAR AP.,  PESHAWAR, PK","0","1","12","1","0","178"
"J20140061","17-JUL-14","BOEING 777-200ER
","MALAYSIA AIRLINES","NR. HRABOVE, 80KM ENE OF  DONETSK, UA","15","0","15","283","0","283"
"J20140069","24-JUL-14","DOUGLAS MD-83
","AIR ALGERIE","SE OF  GOSSI, ML","6","0","6","110","0","110"
"J20140107","28-DEC-14","AIRBUS A320-210
","INDONESIA AIRASIA","KARIMATA STRAIT, OFF PULAU BELITUNG, ID","6","0","6","156","0","156"
"J20150010","24-MAR-15","AIRBUS A320-210
","GERMANWINGS","NR. PRADS-HAUTE-BLEONE,  ALPES-DE-HAUTE PROVENCE, FR","6","0","6","144","0","144"
"J20150058","31-OCT-15","AIRBUS A321-230
","METROJET","SINAI DESERT, 113KM S OF  AL-ARISH, EG","7","0","7","217","0","217"
"J20160003","02-FEB-16","AIRBUS A321-110
","DAALLO AIRLINES","NR. MOGADISHU, SO","0","0","7","1","1","74"
"J20160014","19-MAR-16","BOEING 737-800
","FLYDUBAI","ROSTOV-ON-DON AP.,  ROSTOV-ON-DON,  ROSTOV OBLAST, RU","7","0","7","55","0","55"
"J20160029","19-MAY-16","AIRBUS A320-230
","EGYPTAIR","IN MEDITERRANEAN SEA, 283KMM N OF  ALEXANDRIA, EG","7","0","7","59","0","59"
"S1990001","13-JAN-90","TUPOLEV TU-134A
","AEROFLOT - PRIVOLZHSKOYE DIRECTORATE","NR. PERVOURALSK,  RUSSIA, SU","4","1","6","23","30","65"
"S1990002","23-MAR-90","ANTONOV AN-26
","CUBANA","ANTONIO MACEO AP.,  SANTIAGO DE CUBA, CU","0","0","5","4","17","41"
"S1990006","01-AUG-90","YAKOVLEV YAK-40
","AEROFLOT - AZERBAIJAN DIRECTORATE","NR. AGDAM,  AZERBAIJAN, SU","4","0","4","26","0","26"
"S1990007","24-OCT-90","YAKOVLEV YAK-40
","CUBANA","PUNTA JARDINEIRO AREA, NR. SANTIAGO DE CUBA, CU","2","3","7","11","7","24"
"S1990008","13-SEP-90","YAKOVLEV YAK-42
","AEROFLOT - SVERDLOVSK DIRECTORATE?","KOLTSOVO AP.,  SVERDLOVSK,  RUSSIA, SU","1","4","5","3","27","124"
"S19900134","12-JUL-90","PBN BN-2A 
ISLANDER","EAGLE AIR SERVICE","UNION ISLAND AP.,  CLIFTON,  UNION ISLAND, VC","1","0","1","1","0","1"
"S19900196","05-JUL-90","PBN BN-2B 
ISLANDER","DOUGLAS AIRWAYS","NR. PORT MORESBY, PG","1","0","1","7","0","11"
"S1990034","26-JAN-90","ANTONOV AN-24RV
","MONGOLIAN AIRLINES","NR. ULIASTAI,  ZAVKHAN, MN","5","0","5","25","0","25"
"S1990052","28-FEB-90","PIPER PA-31T 
CHEYENNE II","AERO SAN MARTIN","TOCACHE, PE","1","0","1","1","0","1"
"S1990062","11-SEP-90","CESSNA 441 
CONQUEST II","NUNA AIR A/S","148KM SW OF  SONDRE STROMFJORD, GL","2","0","2","6","0","6"
"S1990070","22-NOV-90","BEECH 200 KING AIR
","GSW CHARTERFLUG GMBH","MT. KELLER JOCH, NR. INNSBRUCK, AT","2","0","2","1","0","1"
"S1991004","23-MAR-91","ANTONOV AN-24B
","AEROFLOT - UZBEK DIRECTORATE?","NAVOI AP.,  NAVOI,  UZBEKISTAN, SU","4","0","4","30","29","59"
"S1991005","23-MAY-91","TUPOLEV TU-154B
","AEROFLOT - LENINGRAD DIRECTORATE","PULKOVO AP.,  LENINGRAD,  RUSSIA, SU","0","1","7","13","38","174"
"S1991006","07-NOV-91","YAKOVLEV YAK-40
","AEROFLOT","NR. MAKHACHKALA,  RUSSIA, SU","4","0","4","47","0","47"
"S1991011","26-NOV-91","ANTONOV AN-24
","AEROFLOT","BUGULMA,  RUSSIA, SU","4","0","4","37","0","37"
"S19910173","06-AUG-91","PBN BN-2A 
ISLANDER","AVALKI AIR","IN SEA OFF RAROTONGA, CK","1","0","2","5","0","8"
"S19910174","20-AUG-91","PBN BN-2A 
ISLANDER","TEMSCO HELICOPTERS INC.","NR. KETCHEKAN,  ALASKA, US","1","0","1","3","0","3"
"S19910175","03-SEP-91","PBN BN-2A 
ISLANDER","DIRGANTARA AIR SERVICE","SAMPIT,  KALIMANTAN, ID","2","0","2","1","7","8"
"S19910176","25-OCT-91","PBN BN-2A-III 
TRISLANDER","BALI INTERNATIONAL AIR SERVICE","(MISSING), ID","1","0","1","16","0","16"
"S19910182","25-JUL-91","PBN BN-2A 
ISLANDER","VANAIR","NR. NOGOUGOU,  ESPIRITU SANTO, VU","1","0","1","8","0","8"
"S19910190","05-MAY-91","CESSNA 404 
TITAN","NILE SAFARIS AVIATION","NR. AWEIL, SD","1","0","1","7","0","7"
"S1991044","11-OCT-91","BEECH A90 KING AIR
","AERO CONDOR SA","RIO ALTO MADRE DE DIOS, NR. MANU,  MADRE DE DIOS, PE","1","0","1","3","0","3"
"S1991060","27-OCT-91","COMMANDER 690C
","TAE-TRANSPORTES AEREO EJECTIVO","MISSING, EC","1","0","1","6","0","6"
"S1992006","14-NOV-92","YAKOVLEV YAK-40
","VIETNAM AIRLINES","NR. NHA TRANG, VN","6","0","6","24","1","25"
"S1992010","31-JUL-92","YAKOVLEV YAK-42
","CHINA GENERAL AVIATION","NAN JING AP.,  NAN JING,  JIANGSU, CN","9","1","10","98","18","116"
"S1992011","15-NOV-92","ILYUSHIN IL-18
","AEROCARIBBEAN","LOMA DE ISABEL DE TORRES, NR. PUERTO PLATA, DO","6","0","6","28","0","28"
"S19920155","15-DEC-92","PBN BN-2A 
ISLANDER","MILNE BAY AIR","NR. ALOTAU,  MILNE BAY, PG","1","0","1","5","0","5"
"S19920171","09-DEC-92","PBN BN-2B 
ISLANDER","AERO SUD PACIFICO","URUAPAN,  MICHOACAN, MX","1","0","1","8","0","8"
"S1992019","27-AUG-92","TUPOLEV TU-134A
","AEROFLOT - CENTRAL REGIONS DIRECTORATE","IVANOVO, RU","7","0","7","77","0","77"
"S1992020","19-OCT-92","ANTONOV (WSK-PZL MIELEC) AN-28
8","SYKTYVKAR AVIA","UST-NEM AP.,  UST-NEM,  RUSSIA, RU","2","0","2","13","1","14"
"S19920220","10-APR-92","PBN BN-2A 
ISLANDER","TAIWAN AIRLINES","IN SEA OFF ORCHID ISLAND, TW","1","0","2","6","0","8"
"S1992031","04-APR-92","LET 410UVP TURBOLET
","AEROFLOT","NR. BAYKOVO,  KURIL ISLANDS, RU","0","1","2","1","9","10"
"S1992064","31-OCT-92","PIPER PA-42 
CHEYENNE III","ALPINE AVIATION","GRAND JUNCTION,  COLORADO, US","1","0","1","2","0","2"
"S1993006","17-JUN-93","ANTONOV AN-26
","TAJIK AIR","NR. CHOPORTI, 42KM FROM  TBILISI, GE","5","0","5","28","0","28"
"S1993008","23-APR-93","ANTONOV AN-26
","MIAT","HANGAYN NURUU MTS., NR. HUNGAY, MN","6","0","6","34","0","34"
"S1993010","08-FEB-93","TUPOLEV TU-154M
","IRAN AIR TOURS","NR. KARAJ, NR. TEHRAN, IR","13","0","13","119","0","119"
"S1993012","26-AUG-93","LET 410UVP TURBOLET
","SAKHALIN AIRLINES - SAT","ALDAN AP.,  ALDAN,  YAKUTIA, RU","2","0","2","22","0","22"
"S1993013","27-AUG-93","YAKOVLEV YAK-40
","TAJIK AIR","KHOROG AP.,  KHOROG, TJ","5","0","5","77","4","81"
"S1993015","21-SEP-93","TUPOLEV TU-134A
","TRANSAIR GEORGIA","NR. SUKHUMI, GE","5","0","5","22","0","22"
"S1993016","22-SEP-93","TUPOLEV TU-154B
","TRANSAIR GEORGIA","BABUSHERI AP., SUKHUMI, GE","8","0","12","100","0","120"
"S19930232","09-JUN-93","PBN BN-2A 
ISLANDER","SOUTH WEST AIR","GULGUBIP, PG","0","0","1","9","1","10"
"S19930233","13-OCT-93","PBN BN-2A 
ISLANDER","ISLAND AIRWAYS PTY LTD.","NR. BANK,  SIMBAI VALLEY, PG","2","0","2","2","0","2"
"S19930234","03-DEC-93","PBN BN-2A 
ISLANDER","ARCTIC WINGS AND ROTORS LTD","NR. TUKTOYAKTUK,  NORTHWEST TERRITORIES, CA","1","0","1","6","0","6"
"S1993027","20-NOV-93","YAKOVLEV YAK-42
","AVIOIMPEX MAKEDONIJA AIRWAYS","MT. TROJANI, NR. OHRID, MK","8","0","8","108","0","108"
"S1993037","13-DEC-93","HARBIN Y-12-II
","LAO AVIATION","NR. PHONESAVAN,  XIENG KHOUANG, LA","2","0","2","16","0","16"
"S1993090","07-FEB-93","BEECH 100 KING AIR
","TAXI AEREO FLORIANOPOLIS LTDA","IGUACU, BR","2","0","2","4","0","4"
"S1993091","18-MAR-93","BEECH E90 KING AIR
","AERO TAXI IQUITOS","NR. OTUZCO,  JULCA, PE","1","0","1","3","0","3"
"S1993108","19-MAR-93","BEECH 200 KING AIR
","WEST AVIATION","NR. GEILO, NO","2","0","2","1","3","8"
"S1993121","24-JUN-93","PILATUS PC6B2 
TURBO PORTER","SATENA","TARAIRA, CO","2","0","2","1","0","1"
"S1994001","03-JAN-94","TUPOLEV TU-154M
","BAIKALAVIA","MAMONA, 15KM FROM  IRKUTSK, RU","9","0","9","115","0","115"
"S1994003","25-FEB-94","YAKOVLEV YAK-40
","EXPRESSO AEREO","CERRO CARPICH, NR. TINGO MARIA,  HUANUCO, PE","5","0","5","26","0","26"
"S1994010","06-JUN-94","TUPOLEV TU-154M
","CHINA NORTHWEST AIRLINES","NR. MINGDU, 30KM SE OF  XIAN, CN","14","0","14","146","0","146"
"S19940194","25-APR-94","PBN BN-2A 
ISLANDER","SMAC","NR. NANGA PINOH,  WEST KALIMANTAN, ID","1","0","1","9","1","10"
"S19940196","23-MAY-94","PBN BN-2B 
ISLANDER","ARALL COLOMBIA LTDA","NR. LOMA LINDA,  MELA, CO","1","1","2","3","6","9"
"S19940197","17-JUL-94","PBN BN-2B 
ISLANDER","TIA HOLDINGS LTD","LES PITONS DU CABBET, NR. FORT DE FRANCE, MQ","1","0","1","5","0","5"
"S19940198","22-NOV-94","PBN BN-2A 
ISLANDER","SOUTHWEST AIR PTY","54KM ESE OF  TABUBIL, PG","1","0","1","6","0","6"
"S1994032","26-SEP-94","YAKOVLEV YAK-40
","CHEREMSHANKA AIRLINES","CHAMBA RIVER, 41KM NNW OF  VANAVARA, RU","4","0","4","24","0","24"
"S1994037","27-OCT-94","YAKOVLEV YAK-40
","DONAVIA","MAKHACHKALA AP.,  MAKHACHKALA,  DAGESTAN, RU","0","0","5","1","0","22"
"S1994044","05-NOV-94","YAKOVLEV YAK-40
","SERVICIOS AEREOS AMAZONICAS","SAPOSOA RIVER,  SAPOSOA,  SAN MARTIN PROVINCE, PE","1","0","4","5","0","26"
"S1994058","29-APR-94","CESSNA 208 
CARAVAN","LINEAS AEREAS DE LOS LIBERTADORES","TIERRA MORADA, NR. BOGOTA, CO","1","0","1","7","1","8"
"S1994078","24-JAN-94","CESSNA 425 
CORSAIR","AERO WEST","LAKE CONSTANCE, NR. RORSCHACH, CH","1","0","1","4","0","4"
"S1994085","15-SEP-94","COMMANDER 680T
","JIMENEZ ALFONSO MEJIA","MISSING, CO","2","0","2","4","0","4"
"S1994088","02-OCT-94","COMMANDER 690B
","SEAVIEW AIR","175KM ENE OF  WILLIAMS,  NEW SOUTH WALES, AU","1","0","1","8","0","8"
"S1994096","19-OCT-94","BEECH C90A KING AIR
","MONO MAX AVIATION","SAINT FLORENT AP.,  SAUMUR, FR","1","0","1","6","0","6"
"S1995003","20-JAN-95","LET 410UVP TURBOLET
","ABAKAN AVIA","KRASNOYARSK AP.,  KRASNOYARSK, RU","2","0","2","1","11","17"
"S19950129","22-DEC-95","PBN BN-2A 
ISLANDER","ISLAND AIRWAYS PTY LTD.","BAGASIN, PG","1","0","1","1","0","11"
"S1995015","24-JUN-95","TUPOLEV TU-134A
","HARKA AIR","MURTALA MUHAMMED AP.,  LAGOS, NG","0","0","6","16","0","74"
"S19950164","25-JUL-95","PBN BN-2A 
ISLANDER","TRANSNIUGINI AIRLINES PTY. LTD.","NR. KARAMUI,  CHIMBU, PG","1","0","1","1","0","1"
"S1995024","21-SEP-95","ANTONOV AN-24RV
","MIAT","CHOHO GOELOGLOH UUL, NR. MORON, MN","6","0","6","35","1","36"
"S1995029","05-DEC-95","TUPOLEV TU-134
","AZERBAIJAN AIRLINES","NR. NAHICEVAN, AZ","2","4","6","50","24","76"
"S1995030","07-DEC-95","TUPOLEV TU-154B
","FAR EAST AVIATION CORPORATION","DZHAUS MOUNTAIN, 100KM NW OF  SOVETSKAYA GAVAN, RU","8","0","8","90","0","90"
"S1995031","13-DEC-95","ANTONOV AN-24B
","BANAT AIR TRANSPORT","CALURI, NR. VERONA, IT","8","0","8","41","0","41"
"S1995052","31-OCT-95","CESSNA 208B 
GRAND CARAVAN","TACSA - TRANSPORTES AEREOS DE COAHILA","NR. PIEDRAS NEGRAS,  COAHILA, MX","1","0","1","8","2","10"
"S1995066","27-SEP-95","DHC-3 TURBO OTTER
","WESTERN STRAITS AIR (GYNN BAY LOGGING LTD DBA)","NR. CAMPBELL RIVER,  BRITISH COLUMBIA, CA","1","0","1","7","2","9"
"S1995078","28-JAN-95","BEECH 200 KING AIR
","AVIACAO LIGEIRA","NR. CAFUNFO, AO","0","2","2","2","2","4"
"S1995079","21-OCT-95","BEECH 200 KING AIR
","BALMORAL AIR SERVICE","NR. MARUNGA, ZA","2","0","2","3","0","3"
"S1995125","11-SEP-95","ANTONOV AN-26
","ARIANA AFGHAN AIRLINES","JALALABAD AP.,  JALALABAD, AF","0","0","7","3","0","44"
"S1996008","03-MAY-96","ANTONOV AN-24RV
","FEDERAL AIRLINES","SHIGLA,  HAJ YOUSIF, SD","6","0","6","47","0","47"
"S1996013","11-JUL-96","LET 410UVP TURBOLET
","ARCHANA AIRWAYS","NR. KANDA, 25KM FROM  KULU, IN","3","0","3","6","0","6"
"S1996016","29-AUG-96","TUPOLEV TU-154M
","VNUKOVO AIRLINES","MT. OPERAFJELLET, NR. LONGYEARBYEN,  SPITZBERGEN, NO","11","0","11","130","0","130"
"S1996019","26-OCT-96","YAKOVLEV YAK-40K
","TYUMENAVIATRANS","KHANTY-MANSIYSK AP.,  KHANTY-MANSIYSK, RU","3","0","4","2","6","30"
"S19960190","08-JAN-96","PBN BN-2A 
ISLANDER","MUSTIQUE AIRWAYS LTD.","30KM SW OF  BRIDGETOWN, BB","0","0","1","1","0","9"
"S19960193","11-MAY-96","PBN BN-2A 
ISLANDER","MILNE BAY AIR","NR. OUMBA, PG","0","1","1","1","1","9"
"S19960207","21-JUN-96","HARBIN Y-12-II
","CHINA FLYING DRAGON GENERAL AVIATION CO","NR. CHANGHAI,  SHANDONG, CN","1","0","3","1","2","9"
"S1996044","12-MAY-96","BEECH 300LW KING AIR
","AIRLINK LUFTVERKEHRS","NR. ST. OSWALD, AT","2","0","2","2","0","2"
"S1996052","29-JAN-96","CESSNA 208 
CARAVAN","SOUNDSAIR LTD","MT. ROBERTSON, NR. BLENHEIM, NZ","0","1","1","5","0","5"
"S1996055","18-AUG-96","DHC-3 TURBO OTTER
","HARBOUR AIR","34KM S OF  ALLIFORD BAY,  BRITISH COLUMBIA, CA","1","0","1","2","0","2"
"S1996056","15-JAN-96","PIPER PA-31T 
CHEYENNE II","SERVICIOS AEREOS AQP SA","MT. CHACHANI, NR. AREQUIPA, PE","2","0","2","3","0","3"
"S1996099","11-AUG-96","MCKINNON G21G 
TURBO GOOSE","PENAIR","VOLCANO BAY AREA, 33KM SW OF  DUTCH HARBOR,  ALASKA, US","1","0","1","1","0","1"
"S1996127","15-JAN-96","MITSUBISHI MU-2B-36A
","PRO AIR SERVICES","NR. MALAD CITY,  IDAHO, US","2","0","2","6","0","6"
"S1997005","18-MAR-97","ANTONOV AN-24RV
","STAVROPOL AVIATION","NR. CHERKESSK, RU","6","0","6","44","0","44"
"S1997012","10-JUN-97","HARBIN Y-12-II
","MONGOLIAN AIRLINES","MANDALGOBI AP.,  MANDALGOBI, MN","0","0","2","7","3","10"
"S1997014","11-JUL-97","ANTONOV AN-24RV
","CUBANA","IN SEA, OFF SANTIAGO DE CUBA, CU","5","0","5","39","0","39"
"S1997015","03-SEP-97","TUPOLEV TU-134
","VIETNAM AIRLINES","POCHENTONG AP.,  PHNOM PENH, KH","6","0","6","59","1","60"
"S19970150","31-DEC-97","PBN BN-2A 
ISLANDER","PARSA SA","NR. SAN BLAS, PA","1","0","1","9","0","9"
"S1997021","16-DEC-97","TUPOLEV TU-154B
","TAJIK AIR","NR. SHARJAH, AE","8","1","9","77","0","77"
"S1997023","17-DEC-97","YAKOVLEV YAK-42
","LVOV AVIATION ENTERPRISES","MT. PENTE PIRGI, 70KM SW OF  THESSALONIKI, GR","8","0","8","66","0","66"
"S1997024","29-OCT-97","YAKOVLEV YAK-40
","ARIANA AFGHAN AIRLINES","JALALABAD AP.,  JALALABAD, AF","1","0","6","1","0","20"
"S1997034","08-NOV-97","CESSNA 208B 
GRAND CARAVAN","HAGELAND AVIATION SERVICES INC.","NR. BARROW,  ALASKA, US","1","0","1","7","0","7"
"S1997035","10-APR-97","CESSNA 208B 
GRAND CARAVAN","HAGELAND AVIATION SERVICES INC.","CHUKCHI SEA, 8KM NW OF  WAINWRIGHT,  ALASKA, US","1","0","1","4","0","4"
"S1997036","08-OCT-97","CESSNA 208B 
GRAND CARAVAN","SCENIC AIRLINES INC.","UNCOMPAHGRE PLATEAU, 38KM SW OF  MONTROSE,  COLORADO, US","1","0","1","8","0","8"
"S1997052","21-DEC-97","BEECH A100 KING AIR
","AVIATION CHARTER INC.","MUNICIPAL AP.,  COLORADO SPRINGS,  COLORADO, US","1","0","1","1","1","2"
"S1997075","09-OCT-97","BEECH 200 KING AIR
","NAYSA AEROTAXIS","KEBUJEH, NR. BANJUL, GM","2","0","2","6","1","7"
"S1997082","29-AUG-97","PILATUS PC6B2 
TURBO PORTER","SATENA","NR. PUERTO INIRIDA, CO","2","0","2","7","0","7"
"S1998009","26-MAY-98","HARBIN Y-12-II
","MONGOLIAN AIRLINES","NR. ERDENET, MN","2","0","2","26","0","26"
"S1998015","29-AUG-98","TUPOLEV TU-154M
","CUBANA","MARISCAL SUCRE AP.,  QUITO, EC","14","0","14","58","10","76"
"S1998016","29-SEP-98","ANTONOV AN-24RV
","LIONAIR","GULF OF  MANNAR, NR. JAFFNA, LK","6","0","6","49","0","49"
"S19980203","07-DEC-98","PBN BN-2A 
ISLANDER","AIR SATELLITE","ST. LAWRENCE RIVER, NR. BAIE COMEAU,  QUEBEC, CA","1","1","2","6","2","8"
"S1998035","02-SEP-98","ANTONOV AN-26
","PERMTRANSAVIA-PM","90KM NE OF  LUANDA, AO","4","0","4","20","0","20"
"S1998075","26-JUN-98","BEECH 200 KING AIR
","FEDERAL AVIATION","NR. ABIDJAN, CI","2","0","2","5","0","5"
"S1998083","06-NOV-98","BEECH 200 KING AIR
","TAWAKEL AIRLINES","NR. NAIROBI, KE","1","0","1","2","0","2"
"S1999002","24-FEB-99","TUPOLEV TU-154M
","CHINA SOUTHWEST AIRLINES","RUIAN, NR. WENZHOU, CN","11","0","11","50","0","50"
"S1999014","26-AUG-99","YAKOVLEV YAK-40
","UZBEKISTAN AIRWAYS","TURTKUL AP.,  TURTKUL, UZ","0","0","4","2","0","29"
"S1999019","07-DEC-99","LET 410UVP TURBOLET
","ASIAN SPIRIT","NR. BAYOMBANG, PH","2","0","2","15","0","15"
"S1999020","25-DEC-99","YAKOVLEV YAK-42
","CUBANA","MT SAN LUIS, NR. VALENCIA, VE","6","0","6","16","0","16"
"S19990207","16-JAN-99","PBN BN-2A 
ISLANDER","UZU AIR PTY","COCONUT ISLAND,  QUEENSLAND, AU","1","0","1","2","1","3"
"S19990208","03-FEB-99","PBN BN-2A 
ISLANDER","AIRLINK","30KM SW OF  HOSKINS, PG","1","0","1","10","0","10"
"S1999029","20-JUL-99","CESSNA 208B 
GRAND CARAVAN","LA COSTENA SA","CERRO SILVA, 50KM W OF  BLUEFIELDS, NI","2","0","2","14","0","14"
"S1999041","17-JAN-99","CESSNA 208 
CARAVAN","NECON AIR","JUMLA, NP","1","1","2","3","5","10"
"S1999059","25-JUN-99","BEECH C90 KING AIR
","AEROCENTER INC","NR. MUNSON,  FLORIDA, US","1","0","1","1","0","1"
"S2000001","15-JAN-00","LET 410UVP TURBOLET
","TACSA- TAXI AERO CENTROAMERICANO","PAVAS DISTRICT,  SAN JOSE, CR","1","2","3","4","11","15"
"S2000002","09-MAR-00","YAKOVLEV YAK-40D
","VOLOGDA AIR ENTERPRISE","SHEREMETYEVO AP.,  MOSCOW, RU","5","0","5","4","0","4"
"S2000005","19-APR-00","ANTONOV AN-8
","CENTRAFRICAN AIRLINES","PEPA, CD","4","0","4","20","0","20"
"S2000007","25-MAR-00","ANTONOV AN-32
","URALEX","HUAMBO AP.,  HUAMBO, AO","0","0","4","3","0","29"
"S2000009","22-JUN-00","XIAN YUN-7-100
","WUHAN AIR LINES","SITAI, NR. WUHAN, CN","4","0","4","38","0","38"
"S2000015","19-OCT-00","HARBIN Y-12-II
","LAO AVIATION","NR. XAM NEUA, LA","0","0","2","8","0","15"
"S2000018","31-OCT-00","ANTONOV AN-26
","AIR ANCARGO","NR. SAURIMO, AO","5","0","5","39","0","39"
"S20000195","15-NOV-00","ANTONOV AN-24RV
","ASA PESADA","LUANDA, AO","5","0","5","52","0","52"
"S2000027","26-AUG-00","CESSNA 208B 
GRAND CARAVAN","SANSA","VOLCAN ARENAL, NR. LAGUNAS, CR","2","0","2","8","0","8"
"S2000034","19-APR-00","CESSNA 208B 
GRAND CARAVAN","GALLOVENTS TEN (PTY) LTD","KAHUZI-BIEGA NATIONAL PARK, NR. BUKAVU, CD","1","0","1","3","0","3"
"S2000048","18-SEP-00","PIPER PA-31 T1040
","CAPE SMYTHE AIR SERVICE","NR. NUIQSUT,  ALASKA, US","1","0","1","4","5","9"
"S2000058","21-MAR-00","BEECH C90A KING AIR
","TEPE HAVA CILIK","NR. BURSA, TR","0","1","1","1","2","4"
"S2000069","04-SEP-00","BEECH 200 KING AIR
","CENTRAL AIR PTY LTD.","WERNADINGA STATION, 65KM ESE OF  BURKETOWN,  QUEENSLAND, AU","1","0","1","7","0","7"
"S2000089","12-AUG-00","ANTONOV AN-26
","SUCCES AIRLINES","63KM NW OF  TSHIKAPA, CD","6","0","6","21","0","21"
"S2001006","17-MAY-01","YAKOVLEV YAK-40
","QESHM AIRLINES","NR. SARI, IR","5","0","5","25","0","25"
"S2001009","04-JUL-01","TUPOLEV TU-154M
","VLADIVOSTOK AIR","NR. IRKUTSK, RU","9","0","9","136","0","136"
"S2001015","23-AUG-01","ANTONOV (WSK-PZL MIELEC) AN-28
8","AGEFRECO AIR","NR. BUKAVU, CD","2","0","2","5","4","9"
"S2001018","12-SEP-01","LET 410UVP TURBOLET
","AEROFERINCO","NR. CHICHEN ITZA, MX","2","0","2","17","0","17"
"S2001022","18-SEP-01","LET 410UVP TURBOLET
","ATLANTIC AIRLINES (NICARAGUA)","LA AURORA AP.,  GUATEMALA CITY, GT","1","1","2","8","3","11"
"S2001023","04-OCT-01","TUPOLEV TU-154M
","SIBIR AIRLINES","IN BLACK SEA, 180KM S OF  SOCHI, RU","12","0","12","66","0","66"
"S20010242","26-DEC-01","PBN BN-2B 
ISLANDER","BAL BREMERHAVEN AIRLINE","RIVER WESER, NR. BREMERHAVEN, DE","1","0","1","7","1","8"
"S2001026","19-NOV-01","ILYUSHIN IL-18
","IRS AERO","NR. KALYAZINA, RU","9","0","9","18","0","18"
"S2001027","23-NOV-01","ANTONOV (WSK-PZL MIELEC) AN-28
8","ENIMEX","PALADE,  HIIUMAA ISLAND, EE","0","1","3","2","0","14"
"S2001030","16-DEC-01","LET 410UVP TURBOLET
","HELIANDES LTDA","CERRO EL SILENCIO, NR. MEDELLIN, CO","2","0","2","14","0","14"
"S2001031","14-DEC-01","LET 410A TURBOLET
","EAGLE AIR","NR. GETI, CD","2","0","2","4","0","4"
"S2001042","28-NOV-01","CESSNA 208B 
GRAND CARAVAN","SANSA","CERRO SAN JERONIMO, 18KM NW OF  QUEPOS, CR","2","0","2","1","5","6"
"S2001057","10-OCT-01","CESSNA 208 
CARGOMASTER","PENAIR","NR. DILLINGHAM,  ALASKA, US","1","0","1","9","0","9"
"S2002003","12-FEB-02","TUPOLEV TU-154M
","IRAN AIR TOURS","SEFID KOUH MOUNTAINS, NR. KHORRAMABAD, IR","9","0","9","108","0","108"
"S2002016","01-JUL-02","TUPOLEV TU-154M
","BASHKIRIAN AIRLINES","NR. UBERLINGEN, DE","12","0","12","57","0","57"
"S20020197","14-DEC-02","PBN BN-2A 
ISLANDER","ISLAND AIRWAYS PTY LTD.","GUHU AIRSTRIP,  FINISTERRE MOUNTAINS, PG","1","0","1","7","0","7"
"S2002023","29-AUG-02","ANTONOV (WSK-PZL MIELEC) AN-28
8","VOSTOK AIRLINES","NR. AYAN, RU","2","0","2","14","0","14"
"S20020238","16-JUL-02","PBN BN-2A 
ISLANDER","SABANG MERAUKE RAYA AIR CHARTER","NR. BAWAN,  EAST KALIMANTAN, ID","2","0","2","7","1","8"
"S20020239","07-NOV-02","PBN BN-2A 
ISLANDER","DIRGANTARA AIR SERVICE","NR. TARAKAN,  EAST KALIMANTAN, ID","1","0","1","6","3","9"
"S2002034","23-DEC-02","ANTONOV AN-140
","AEROMOST - KHARKOV AIRLINES","AKBAM MOUNTAIN, NR. ISFAHAN, IR","3","0","3","41","0","41"
"S2002035","27-DEC-02","LET 410UVP TURBOLET
","OCEAN AIRLINES","NR. OUANI,  ANJOUAN, KM","0","3","3","1","9","13"
"S2002063","25-OCT-02","BEECH A100 KING AIR
","AVIATION CHARTER INC","NR. EVELETH,  MINNESOTA, US","2","0","2","6","0","6"
"S2003009","26-MAY-03","YAKOVLEV YAK-42
","UM AIR","NR. MACKA, TR","13","0","13","62","0","62"
"S2003019","24-AUG-03","LET 410UVP TURBOLET
","TROPICAL AIRWAYS D'HAITI","NR. CAP HAITIEN, HT","2","0","2","19","0","19"
"S2003050","11-SEP-03","CESSNA 208B 
GRAND CARAVAN","WASAYA AIRWAYS","6KM W OF  SUMMER BEAVER,  ONTARIO, CA","1","0","1","7","0","7"
"S2003067","16-DEC-03","DHC-3 TURBO OTTER
","HURON AIR & OUTFITTERS INC","JELLICOE,  ONTARIO, CA","1","0","1","1","1","2"
"S2004001","13-JAN-04","YAKOVLEV YAK-40
","UZBEKISTAN AIRWAYS","VOSTOCHNY AP.,  TASHKENT, UZ","5","0","5","32","0","32"
"S2004016","24-AUG-04","TUPOLEV TU-134A
","VOLGA AVIAEXPRESS","NR. BUCHALKI, RU","9","0","9","35","0","35"
"S2004017","24-AUG-04","TUPOLEV TU-154B
","SIBIR AIRLINES","NR. MILLEROVO, RU","8","0","8","38","0","38"
"S2004041","17-JAN-04","CESSNA 208B 
GRAND CARGOMASTER","GEORGIAN EXPRESS","LAKE ERIE, OFF PELEE ISLAND,  ONTARIO, CA","1","0","1","9","0","9"
"S2005006","16-MAR-05","ANTONOV AN-24RV
","REGIONAL AIRLINES","NR. VARANDEI, RU","2","3","5","26","21","47"
"S2005008","26-MAR-05","LET 410UVP TURBOLET
","WEST CARIBBEAN AIRWAYS","AGUADULCE,  ISLA DE PROVIDENCIA, CO","2","0","2","6","6","12"
"S2005017","02-JUN-05","ANTONOV AN-24B
","MARSLAND AVIATION","KHARTOUM AP.,  KHARTOUM, SD","1","0","6","6","0","36"
"S2005019","25-MAY-05","ANTONOV AN-12BP
","AIR VICTORIA","NEAR BITALE 10KM FRO BUNYAKIRI VILLAGE, CD","5","0","5","21","0","21"
"S2005022","16-JUL-05","ANTONOV AN-24B
","EQUATAIR","NR. BANEY, 17KM FROM  MALABO, GQ","6","0","6","56","0","56"
"S2005034","23-DEC-05","ANTONOV AN-140-100
","AZERBAIJAN AIRLINES / AZAL AVIA","NR. NARDARAN, AZ","5","0","5","18","0","18"
"S2005114","04-OCT-05","ANTONOV AN-12BP
","WDA - WIMBI DIRA AIRWAYS","ARU AP., CD","0","0","0","2","11","0"
"S2006007","31-MAR-06","LET 410UVP TURBOLET
","TEAM","PICO DE PEDRA BRANCA, NR. SAQUAREMA, BR","2","0","2","17","0","17"
"S2006018","03-AUG-06","ANTONOV (WSK-PZL MIELEC) AN-28
8","TRASEPT CONGO","CIBATI HILLS, NR. BUKAVU, CD","3","0","3","14","0","14"
"S2006020","22-AUG-06","TUPOLEV TU-154M
","PULKOVO AVIATION ENTERPRISE","45KM N OF  DONETSK, UA","10","0","10","160","0","160"
"S2006022","01-SEP-06","TUPOLEV TU-154M
","IRAN AIR TOURS","SHAHID HASHEMI NEJAD INTL. AP.,  MASHHAD, IR","0","0","11","28","30","149"
"S2006042","24-MAR-06","CESSNA 208B 
GRAND CARAVAN","ATESA - AERO TAXIS ECUATORIANOS SA","CUENCA, EC","0","2","2","5","7","12"
"S2006043","21-JAN-06","CESSNA 208B 
GRAND CARAVAN","REGENCY AIR CHARTER","21KM SSE OF  PORT ALBERNI,  BRITISH COLUMBIA, CA","1","0","1","2","5","7"
"S2006065","25-OCT-06","CESSNA 425 
CORSAIR","SERVICES & TRANSPORTS AERIENS - STA","TULEAR, MG","2","0","2","4","0","4"
"S2007001","09-JAN-07","ANTONOV AN-26B
","AERIANTUR-M AIRLINES","BALAD, IQ","5","0","5","29","1","30"
"S2007003","17-MAR-07","TUPOLEV TU-134A
","UTAIR","KURUMOCH AP.,  SAMARA, RU","0","0","7","6","30","50"
"S2007010","25-JUN-07","ANTONOV AN-24B
","PMT AIRLINES","BOKOR MOUNTAIN, NR. SIHANOUKVILLE, KH","4","0","4","18","0","18"
"S2007011","21-JUN-07","LET 410UVP TURBOLET
","KARIBU AIRWAYS","NR. KAMINA, CD","0","0","2","1","9","20"
"S2007023","08-OCT-07","LET 410UVP TURBOLET
","NACIONAL DE AVIACION COLOMBIA","CERRO BRAVO, NR. CUBARRAL, CO","3","0","3","15","0","15"
"S2007074","09-DEC-07","BEECH C90B KING AIR
","FUN AIR","KIEV, UA","2","0","2","3","0","3"
"S2008001","04-JAN-08","LET 410UVP TURBOLET
","TRANSAVEN","IN CARIBBEAN SEA, OFF ISLA LOS ROQUES, VE","2","0","2","12","0","12"
"S2008007","03-APR-08","ANTONOV (WSK-PZL MIELEC) AN-28
8","BLUE WING AIRLINES","BENZDORP, SR","2","0","2","17","0","17"
"S20080254","19-DEC-08","PBN BN-2A 
ISLANDER","AIR VANUATU","25KM SSE OF  LAJMOLI,  ESPIRITU SANTO, VU","1","0","1","1","2","9"
"S2008036","19-JAN-08","BEECH B200 KING AIR
","GIRA GLOBO LDA","NR. HUAMBO, AO","2","0","2","11","0","11"
"S2008084","24-AUG-08","CESSNA 208 
CARAVAN","AEREO RUTA MAYA","NR. CABANAS, GT","2","0","2","8","4","12"
"S2008132","23-NOV-08","BEECH 200 KING AIR
","TL AIR TAXI","SAN MARTIN DISTRICT,  RECIFE, BR","1","0","2","1","1","8"
"S2008140","03-DEC-08","COMMANDER 690B
","WEBSTA'S AVIATION SERVIES INC","EL YUNQUE NATIONAL FOREST, NR. SAN JUAN, PR","1","0","1","2","0","2"
"S2009062","17-APR-09","PILATUS PC6B2 
TURBO PORTER","MIMIKA AIR","MT. GERGAJI, NR. ILAGA, ID","2","0","2","9","0","9"
"S2009063","17-APR-09","CESSNA 208B 
GRAND CARAVAN","LTA - LINEA TURISTICA AEREOTUY CA","CANAIMA AP.,  CANAIMA, VE","0","0","2","1","3","9"
"S2009100","15-JUL-09","TUPOLEV TU-154M
","CASPIAN AIRLINES","NR. JANNALABAD, 125KM W OF  TEHRAN, IR","15","0","15","153","0","153"
"S2009104","24-JUL-09","ILYUSHIN IL-62M
","ARIA AIR","SHAHID HASHEMI NEJAD AP.,  MASHHAD, IR","8","2","17","8","1","152"
"S2010038","15-MAY-10","ANTONOV (WSK-PZL MIELEC) AN-28
8","BLUE WING AIRLINES","NR. POKISI, SR","2","0","2","6","0","6"
"S2010039","17-MAY-10","ANTONOV AN-24B
","PAMIR AIRWAYS","SALANG PASS, N OF  KABUL, AF","6","0","6","38","0","38"
"S2010047","13-JUN-10","CESSNA 208B 
GRAND CARAVAN","SERVICIOS AEREOS MILENIO SA DE CV","NR. FELIPPE CARILLO PUERTO,  QUINTANA ROO, MX","2","0","2","7","0","7"
"S2010052","23-JUN-10","BEECH A100 KING AIR
","AEROPRO","NR. JEAN LESAGE INTL. AP.,  QUEBEC CITY,  QUEBEC, CA","2","0","2","5","0","5"
"S2010059","03-AUG-10","ANTONOV AN-24RV
","KATEKAVIA","IGARKA, RU","1","3","4","11","0","11"
"S2010072","25-AUG-10","LET 410UVP TURBOLET
","FILAIR","BANDUNDU, CD","3","0","3","17","1","18"
"S2010107","11-NOV-10","ANTONOV AN-24B
","TARCO AIR","ZALINGEI AIRSTRIP,  ZALINGEI, SD","0","0","6","2","0","36"
"S2010115","04-DEC-10","TUPOLEV TU-154M
","SE AIRLINES","DOMODEDOVO AP.,  MOSCOW, RU","0","0","9","2","19","163"
"S2011001","01-JAN-11","TUPOLEV TU-154B
","KOLAVIA","SURGUT INTL. AP.,  SURGUT, RU","0","5","8","3","27","126"
"S2011007","14-JAN-11","BEECH 200 KING AIR
","CIELO TAXI AEREO","MORRO SANTO ANTONIO, NR. SENADOR CANEDO, BR","2","0","2","4","0","4"
"S2011018","14-FEB-11","LET 410UVP TURBOLET
","CENTRAL AMERICAN AIRWAYS","CERRO DE HULA, NR. LES MESITAS, HN","2","0","2","12","0","12"
"S2011057","07-MAY-11","CAIC MA60
","MERPATI NUSANTARA AIRLINES","IN SEA, OFF KAIMANA, ID","4","0","4","21","0","21"
"S2011081","20-JUN-11","TUPOLEV TU-134A
","RUSAIR","PETROZAVODSK, RU","8","1","9","39","4","43"
"S2011090","04-JUL-11","CESSNA 208B 
GRAND CARAVAN","MISSINIPPI AIRWAYS","PUKATAWAGAN AP.,  PUKATAWAGAN,  MANITOBA, CA","0","0","1","1","0","8"
"S2011092","11-JUL-11","ANTONOV AN-24RV
","ANGARA AIRLINES","OB RIVER, NR. STREZHEVOY, RU","0","0","4","7","10","33"
"S2011096","13-JUL-11","LET 410UVP TURBOLET
","NOAR LINHAS AEREAS","RECIFE, BR","2","0","2","14","0","14"
"S2011126","22-SEP-11","PILATUS PC6B2 
TURBO PORTER","YAJASI AVIATION","NR. PASALEI,  YALIMO REGENCY, ID","1","0","1","2","0","2"
"S2011132","04-OCT-11","CESSNA 208B 
GRAND CARAVAN","AIR TINDI","PEHTEI PENINSULA, 49KM W OF  LUTSEL K'E,  NORTHWEST TERRITORIES, CA","1","0","1","1","2","3"
"S2011135","14-OCT-11","CESSNA 208B 
GRAND CARAVAN","MOREMI AIR SERVICES","XAKANAKA AIRSTRIP, 140KM FROM  MAUN, BW","1","0","1","8","0","11"
"S2011167","07-SEP-11","YAKOVLEV YAK-42
","YAK SERVICE","NR. TUNOSHNA AP.,  YAROSLAVL, RU","7","1","8","37","0","37"
"S2011171","17-DEC-11","PACIFIC AEROSPACE 750XL
","ASSOCIATED MISSION AVIATION","ABMISBIL AP.,  ABMISBIL,  PAPUA, ID","1","0","1","2","2","4"
"S20120139","07-OCT-12","PBN BN-2A 
ISLANDER","MONTSERRAT AIRWAYS","V C BIRD INTL. AP.,  ST. JOHN'S, AG","1","0","1","2","1","3"
"S2012087","19-AUG-12","ANTONOV AN-26-100
","ALFA AIRLINES","NR. TALODI, SD","6","0","6","26","0","26"
"S2012089","22-AUG-12","LET 410UVP TURBOLET
","MOMBASA AIR SAFARI","MASAI MARA GAME RESERVE, NGERENDE AIRSTRIP, KE","2","0","2","2","3","11"
"S2012094","12-SEP-12","ANTONOV (WSK-PZL MIELEC) AN-28
8","PETROPAVLOVSK-KAMCHATSKY AIR ENTERPRISE","MT. PYATIBRATKA, NR. PALANA,  KAMCHATKA KRAI, RU","2","0","2","8","4","12"
"S20130001","04-JAN-13","PBN BN-2 
ISLANDER","CHAPI AIR","MISSING, VE","2","0","2","4","0","4"
"S20130023","13-FEB-13","ANTONOV AN-24RV
","SOUTH AIRLINES","SERGEI PROKOFIEV AP.,  DONETSK, UA","0","0","8","5","9","44"
"S20130028","06-MAR-13","BEECH B200 KING AIR
","ATSA - AERO TRANSPORTE SA","NR. MATIBAMBA, PE","2","0","2","7","0","7"
"S20130030","12-MAR-13","NEIVA NE-821 
CARAJA (PIPER PA-31)","FRETAX TAXI AEREO","MONTE DOURADO,  PARA, BR","1","0","1","9","0","9"
"S20130081","07-JUL-13","DHC-3 TURBO OTTER
","REDISKE AIR INC","SOLDOTNA AP.,  SOLDOTNA,  ALASKA, US","1","0","1","9","0","9"
"S20130123","14-OCT-13","CESSNA 208B 
GRAND CARAVAN","AEREO SERVICIO GUERRERO SA DE CV","SIERRA DE LA GIGANTA MOUNTAINS, 30KM NW OF  LORETO, MX","1","0","1","11","0","11"
"S20130147","29-NOV-13","CESSNA 208B 
GRAND CARAVAN","HAGELAND AVIATION SERVICES","ST. MARY'S,  ALASKA, US","1","0","1","3","6","9"
"S20130148","25-NOV-13","CESSNA 208B 
GRAND CARAVAN","TROPICAIR LTD","PALBUNA RIVER, NR. KIBENI, PG","0","0","1","3","0","9"
"S20130152","11-DEC-13","CESSNA 208B 
GRAND CARAVAN","MAKANI KAI AIR CHARTERS","PACIFIC OCEAN, OFF KALAUPAPA,  HAWAII, US","0","1","1","1","2","8"
"S20140028","09-APR-14","QUEST KODIAK
","ADVENTIST AVIATION (INDONESIA)","DOYO BARU AIRSTRIP,  JAYAPURA,  PAPUA, ID","1","0","1","1","5","6"
"S20140060","10-AUG-14","ANTONOV AN-140-100
","SEPAHAN AIRLINES","AZADI DISTRICT,  TEHRAN, IR","6","0","6","42","0","42"
"S20150029","19-MAR-15","BEECH B90 KING AIR
","AVIAJET SA","LAGUNA DEL SAUCE, NR. PUNTA DEL ESTE,  MALDONADO DEPARTMENT, UY","2","0","2","8","0","8"
"S20150033","20-JAN-15","ANTONOV AN-2 (PISTON)
","OLIMP AIR","NR. CHOKPAR, KZ","3","0","3","3","1","4"
"S20150069","25-JUN-15","DHC-3 TURBO OTTER
","PROMECH AIR","ELLA LAKE, 45KM NE OF  KETCHIKAN,  ALASKA, US","1","0","1","8","0","8"
"S20150118","12-AUG-15","PACIFIC AEROSPACE 750XL
","KOMALA INDONESIA","NINIA AIRSTRIP,  NINIA,  PAPUA, ID","0","1","1","1","4","5"
"S20160044","01-APR-16","CESSNA 208B 
GRAND CARAVAN","AEROSERVICIOS EMPRESARIALES SA DE CV","15KM FROM  TAYOLTITA,  DURANGO, MX","0","1","1","3","4","9"
"S20160048","13-APR-16","PBN BN-2T 
TURBINE ISLANDER","SUNBIRD AVIATION","NR. KIUNGA, PG","1","0","1","11","0","11"
"S20160102","20-JUL-16","CESSNA 208B 
GRAND CARAVAN EX","JOY AIR GENERAL AVIATION CO","JINSHAN WATER AERODROME,  SHANGHAI,  SHANGHAI, CN","1","1","2","4","2","8"
"S20160135","31-AUG-16","CESSNA 208B 
GRAND CARAVAN EX","HAGELAND AVIATION SERVICES","10KMNW OF  RUSSIAN MISSION,  ALASKA, US","1","0","1","2","0","2"
"S20160147","30-SEP-16","CESSNA 208B 
GRAND CARAVAN","LLANERA DE AVIACION SAS","SAN ANTONIO DE PRADO, SW OF  MEDELLIN,  ANTIOQUIA, CO","1","1","2","3","6","9"
"S20160151","02-OCT-16","CESSNA 208B 
GRAND CARAVAN","HAGELAND AVIATION SERVICES","20KM NW OF  TOGIAK,  ALASKA, US","2","0","2","1","0","1"
"T1990001","02-JAN-90","IPTN 212-200
","PELITA AIR SERVICE","IN JAVA SEA, OFF PABELOKAN ISLAND, ID","2","0","3","7","0","13"
"T1990003","15-JAN-90","CASA 212-200
","SANSA","CERRO CEDRAL, NR. SAN JOSE, CR","3","0","3","20","0","20"
"T1990006","05-FEB-90","GRUMMAN 159 
GULFSTREAM IC","HELICOL","MOUNT EL SALADO, NR. IBAGUE, CO","4","0","4","11","0","11"
"T1990007","25-JAN-90","HAWKER-SIDDELEY 
748 SRS.2A","AIRFAST INDONESIA PT","MOUNT RINGANI,  LOMBOK, ID","3","0","3","16","0","16"
"T1990012","18-APR-90","DHC-6 TWIN OTTER 
200","AEROPERLAS","IN SEA,  CONTADORA ISLAND, PA","3","0","3","17","0","19"
"T1990013","12-APR-90","DHC-6 TWIN OTTER 
300","WIDEROE'S FLYVESELSKAP","NR. VAEROY,  LOFOTEN ISLANDS, NO","2","0","2","3","0","3"
"T1990017","10-MAY-90","FAIRCHILD F-27
","AVIACSA","NR. LLANO SAN JUAN AP.,  TUXTLA GUTIERREZ, MX","4","0","4","20","0","36"
"T1990018","18-MAY-90","BEECH COMMUTER 
1900C-1","AEROLIFT PHILIPPINES","MERVILLE PARK SUBDIVISION,  MANILA, PH","2","0","2","19","0","19"
"T1990021","06-JUN-90","FAIRCHILD FH-227
","TABA","NR. ALTAMIRA AP.,  ALTAMIRA, BR","2","1","3","21","18","39"
"T1990035","11-NOV-90","CASA 212-200
","SATENA","MOUNT LOS FARLLONES, NR. MEDELLIN, CO","4","0","4","12","0","12"
"T1990036","21-NOV-90","DHC DASH 8-100
","BANGKOK AIRWAYS","CHAWENG BEACH,  KOH SAMUI, TH","5","0","5","33","0","33"
"T1991001","01-FEB-91","FAIRCHILD SA-227AC 
METRO III","SKYWEST AIRLINES","LOS ANGELES INTL. AP.,  LOS ANGELES,  CALIFORNIA, US","2","0","2","10","0","10"
"T1991002","30-JAN-91","IPTN 212-200
","MERPATI NUSANTARA AIRLINES","TIHENGO MOUNTAINS, NR. GORONTALO, ID","0","0","3","1","0","18"
"T1991007","05-APR-91","EMBRAER EMB-120 
BRASILIA","ATLANTIC SOUTHEAST AIRLINES","NR. GYNCO JETPORT,  BRUNSWICK,  GEORGIA, US","3","0","3","20","0","20"
"T1991008","09-MAY-91","FOKKER F.27-600
","MERPATI NUSANTARA AIRLINES","MOUNT KLABAT, NR. MANADO,  SULAWESI, ID","5","0","5","8","0","8"
"T1991010","18-APR-91","DORNIER 228-200
","AIR TAHITI","NUKU HIVA,  MARQUESS ISLANDS, PF","1","1","3","9","3","20"
"T1991014","04-JUL-91","DHC-6 TWIN OTTER 
300","HELICOL","NR. EL YOPAL, CO","2","0","2","1","0","1"
"T1991016","10-JUL-91","BEECH C99
","L'EXPRESS INC","NR. BIRMINGHAM,  ALABAMA, US","1","1","2","12","1","13"
"T1991017","09-JUL-91","CASA 212-200
","AEROCHASQUI","BELLAVISTA,  BELLAVISTA,  SAN MARTIN, PE","2","0","2","12","0","12"
"T1991019","11-SEP-91","EMBRAER EMB-120 
BRASILIA","JET LINK/CONTINENTAL EXPRESS","NEAR EAGLE LAKE,  TEXAS, US","3","0","3","11","0","11"
"T1991023","03-SEP-91","SHORTS SC.7 SKYVAN 3
","AIRTECH RAJAWARI UDARA","NR. LONG SERIDAN,  SARAWAK, MY","2","0","2","12","6","18"
"T1991025","01-JUN-91","A.S.T.A. (GAF) 
NOMAD N24A","AGAPE FLIGHT INC.","IN SEA, OFF MATTHEW TOWN,  GREAT INAGUA ISLAND, BS","0","0","1","2","0","2"
"T1991028","27-SEP-91","DHC-6 TWIN OTTER 
300","SOLOMON AIRLINES","MOUNT NASUHA, NR. AVUAVU,  GUADALCANAL, SB","2","0","2","13","0","13"
"T1991030","11-NOV-91","EMBRAER EMB-110P1 
BANDEIRANTE","NORDESTE LINHAS AEREAS REGIONAIS","NR. GUARARAPES INTL. AP.,  RECIFE, BR","3","0","3","12","0","12"
"T1992001","03-JAN-92","BEECH COMMUTER 
1900C-1","COMMUTAIR","NR. SARANAC LAKE,  NEW YORK, US","1","1","2","1","1","2"
"T1992002","03-FEB-92","EMBRAER EMB-110C 
BANDEIRANTE","NORDESTE LINHAS AEREAS REGIONAIS","SERRA DOS BREJINHOS, NR. CAEITITE,  BAHIA, BR","2","0","2","10","0","10"
"T1992004","09-FEB-92","CONVAIR 640
","GAMBCREST","NR. KAFOUTINE, SN","4","2","6","26","24","50"
"T1992006","15-APR-92","EMBRAER EMB-110P1 
BANDEIRANTE","TALAIR","DAULO PASS,  GOROKA, PG","2","0","2","9","4","13"
"T1992011","07-JUN-92","CASA 212-200
","EXECUTIVE AIRLINES","NR. MAYAGUEZ AP.,  MAYAGUEZ, PR","2","0","2","3","0","3"
"T1992012","08-JUN-92","BEECH C99
","GP EXPRESS AIRLINES","NR. ANNISTON, NR. ANNISTON,  ALABAMA, US","1","1","2","2","2","4"
"T1992016","24-JUL-92","VICKERS 800 VISCOUNT
","MANDALA AIRLINES","MOUNT LILIBOY, NR. AMBON,  SERAM ISLANDS, ID","7","0","7","63","0","63"
"T1992022","26-APR-92","FOKKER F.27-400
","SAHA AIRLINE","NR. SAVEH, IR","4","0","4","35","0","35"
"T1992023","18-OCT-92","IPTN CN-235-100
","MERPATI NUSANTARA AIRLINES","MOUNT PAPANDAYAN, NR. GARUT,  JAWA, ID","4","0","4","27","0","27"
"T1992028","13-DEC-92","FOKKER F.27-400
","SCIBE AIRLIFT","NR. GOMA, NR. GOMA, CD","6","0","6","31","0","31"
"T1993005","28-FEB-93","DORNIER 228-200
","FORMOSA AIRLINES","OFF ORCHID ISLAND,  LAN YU, TW","2","0","2","4","0","4"
"T1993010","06-JAN-93","DHC DASH 8-300
","LUFTHANSA CITYLINE","CHARLES DE GAULLE AP.,  PARIS, FR","0","0","4","4","8","19"
"T1993011","09-JAN-93","HAWKER-SIDDELEY 
748 SRS.2A","BOURAQ INDONESIA","NR. JUANDA AP.,  SURABAYA, ID","4","1","5","13","21","39"
"T1993014","23-MAR-93","EMBRAER EMB-110C 
BANDEIRANTE","OESTE LINHAS AEREAS","NR. TANGARA DE SERRA,  MATO GROSSO, BR","2","0","2","4","0","4"
"T1993015","27-APR-93","DHC-5 BUFFALO
","ZAMBIAN AIR FORCE","IN SEA, OFF LIBREVILLE, GA","5","0","5","25","0","25"
"T1993040","30-JUL-93","SHORTS SC.7 SKYVAN 3
","HORNBILL SKYWAYS","LONG LOYANG, SARAWAK, MY","0","0","2","1","2","15"
"T1993041","31-JUL-93","DORNIER 228-100
","EVEREST AIR","NR. BHARATPUR, NP","3","0","3","16","0","16"
"T1993048","25-OCT-93","A.S.T.A. (GAF) 
NOMAD N22","HIBISCUS AVIATION SERVICES","FRANZ JOSEF GLACIER, NR. GERALDINE,  SOUTH ISLAND, NZ","3","0","3","6","0","6"
"T1993057","01-DEC-93","B.AE. JETSTREAM 31
","EXPRESS AIRLINES","NR. CHISHOLM-HIBBING AP.,  HIBBING,  MINNESOTA, US","2","0","2","16","0","16"
"T1993059","27-OCT-93","DHC-6 TWIN OTTER 
300","WIDEROE'S FLYVESELSKAP","NR. NAMSOS, NO","3","0","3","4","12","17"
"T1993062","10-NOV-93","HAWKER-SIDDELEY 
748 SRS.2A","AIR MANITOBA","NEAR SANDY LAKE,  ONTARIO, CA","3","0","3","4","0","4"
"T1993067","09-DEC-93","DHC-6 TWIN OTTER 
300","AIR SENEGAL","NR. YOFF INTL. AP.,  DAKAR, SN","2","0","2","1","0","1"
"T1994004","07-JAN-94","B.AE. JETSTREAM 41
","ATLANTIC COAST AIRLINES","NR. COLUMBUS,  OHIO, US","3","0","3","2","0","5"
"T1994011","04-APR-94","SAAB 340B
","KLM CITYHOPPER","SCHIPHOL AP.,  AMSTERDAM, NL","1","1","3","2","8","21"
"T1994020","18-JUN-94","FOKKER F.27-500
","MERPATI NUSANTARA AIRLINES","MT. KALORA, NR. PALU,  SULAWESI, ID","5","0","5","7","0","7"
"T1994022","26-JUN-94","FOKKER F.27-400
","AIR IVOIRE","NR. PORT BOUET AP.,  ABIDJAN, CI","3","0","3","14","0","14"
"T1994024","13-JUN-94","FAIRCHILD SA-226TC 
METRO II","AEROLINEAS CUAHONTE","EL CERRO DE LA CRUZ, NR. URUAPAN,  MICHOACAN, MX","2","0","2","7","0","7"
"T1994026","19-JUL-94","EMBRAER EMB-110P1 
BANDEIRANTE","ALAS CHIRICANAS","SANTA RITA AREA, NR. COLON, PA","3","0","3","18","0","18"
"T1994027","07-MAY-94","EMBRAER EMB-110E(J) 
BANDEIRANTE","RICO TAXI AEREO","SAO GABRIEL AP.,  SAO GABRIEL,  AMAZONAS, BR","2","0","2","6","8","14"
"T1994032","13-SEP-94","DHC-6 TWIN OTTER 
300","AEROCONTRACTORS","NR. ABUJA, NG","1","1","2","2","1","3"
"T1994033","21-AUG-94","ATR-42-300
","ROYAL AIR MAROC","NR. TIZOUNINE, 35KM N OF  AGADIR, MA","4","0","4","40","0","40"
"T1994043","31-OCT-94","ATR-72-210
","SIMMONS AIRLINES","NR. ROSELAWN, 58KM SE OF  GARY,  INDIANA, US","4","0","4","64","0","64"
"T1994045","17-SEP-94","DHC-6 TWIN OTTER 
100","PACIFIC COASTAL AIRLINES","ILLAHIE INLET, 113KM N OF  PORT HARDY,  BRITISH COLUMBIA, CA","1","1","2","2","0","2"
"T1994050","13-DEC-94","B.AE. JETSTREAM 32
","FLAGSHIP AIRLINES","NR. RALEIGH-DURHAM INTL. AP.,  RALEIGH,  NORTH CAROLINA, US","2","0","2","13","5","18"
"T1995004","10-JAN-95","DHC-6 TWIN OTTER 
300","MERPATI NUSANTARA AIRLINES","MOLO STRAIT, NR. LABUHANBAJO,  FLORES ISLAND, ID","4","0","4","10","0","10"
"T1995006","17-JAN-95","DHC-6 TWIN OTTER 
300","ROYAL NEPAL AIRLINES","TRIBHUVAN INTL. AP.,  KATHMANDU, NP","1","1","3","1","1","21"
"T1995035","24-MAY-95","EMBRAER EMB-110P1 
BANDEIRANTE","KNIGHT AIR","DUNKESWICK, NR. LEEDS,  NORTH YORKSHIRE, GB","3","0","3","9","0","9"
"T1995040","09-JUN-95","DHC DASH 8-100
","ANSETT NEW ZEALAND","NR. PALMERSTON NORTH, NORTH ISLAND, NZ","1","2","3","4","11","18"
"T1995041","01-MAY-95","FAIRCHILD SA-227AC 
METRO 23","BEARSKIN LAKE AIR SERVICE","NR. SIOUX LOOKOUT,  ONTARIO, CA","2","0","2","1","0","1"
"T1995042","17-JUN-95","CASA 212-200
","ANGOLAN AIR FORCE","NR. CATUMBELA, AO","3","0","3","45","5","50"
"T1995059","12-JUL-95","DHC-6 TWIN OTTER 
300","MILNE BAY AIR","NR. GURNEY AP.,  ALOTAU, PG","2","0","2","13","0","13"
"T1995062","09-AUG-95","HAWKER-SIDDELEY 
748 SRS.2A","BOURAQ INDONESIA","MT. KUMAWA, NR. KAIMANA,  IRIAN JAYA, ID","6","0","6","4","0","4"
"T1995064","14-AUG-95","EMBRAER EMB-110P1 
BANDEIRANTE","AIRES COLOMBIA","NEVADO DEL HUILA, NR. SANTANDER, CO","2","0","2","8","0","8"
"T1995065","21-AUG-95","EMBRAER EMB-120 
BRASILIA","ATLANTIC SOUTHEAST AIRLINES","NR. CARROLLTON, 67KM SW OF  ATLANTA,  GEORGIA, US","1","2","3","8","10","26"
"T1995067","15-SEP-95","FOKKER 50
","MALAYSIA AIRLINES","TAWAU AP.,  TAWAU,  SABAH, MY","2","0","4","32","0","49"
"T1995068","09-SEP-95","CASA 212-200
","SATENA","NR. LA MACARENA, CO","4","0","4","17","1","18"
"T1995074","08-NOV-95","FOKKER F.27-400
","LADE","SIERRA GRANDE MOUNTAINS, NR. VILLA DOLORES, AR","5","0","5","48","0","48"
"T1995078","07-DEC-95","BEECH COMMUTER 
1900D","AIR SAINT MARTIN","NR. BELLE-ANSE, HT","2","0","2","18","0","18"
"T1995083","18-DEC-95","LOCKHEED 188 
ELECTRA","TRANS SERVICE AIRLIFT","NR. JAMBA,  CUANDO CUBANGO, AO","4","1","5","137","2","139"
"T1996001","12-FEB-96","A.S.T.A. (GAF) 
NOMAD N24A","HAITI AIR EXPRESS","MAIS GATE AP.,  PORT-AU-PRINCE, HT","2","0","2","9","4","13"
"T1996010","10-MAY-96","DHC-6 TWIN OTTER 
200","AEROSERVICIOS EMPRESARIALES SA DE CV","NR. OTAEZ, DURANGO, MX","2","0","2","14","3","17"
"T1996011","05-APR-96","DORNIER 228-200
","FORMOSA AIRLINES","IN SEA, OFF MATSU ISLAND, TW","0","0","2","6","0","15"
"T1996016","09-JUL-96","DHC-6 TWIN OTTER 
300","MILNE BAY AIR","CLANCY'S KNOB, NR. MENDI, PG","1","0","1","19","0","19"
"T1996024","24-JUL-96","FOKKER F.27-600
","MYANMA AIRWAYS","MYEIK AP.,  MYEIK, MM","0","0","5","8","16","44"
"T1996028","17-JUL-96","DHC-6 TWIN OTTER 
300","TRANS CARIBE","PLAYA DEL CARMEN AP., PLAYA DEL CARMEN, MX","0","2","2","1","13","16"
"T1996033","01-NOV-96","EMBRAER EMB-110P1 
BANDEIRANTE","TAPSA - TRANSPORTES AEREOS PROFESIONALES","NR. FLORES, GT","2","0","2","14","0","14"
"T1996035","19-NOV-96","BEECH COMMUTER 
1900C-1","UNITED EXPRESS","BALDWIN FIELD,  QUINCY,  ILLINOIS, US","2","0","2","10","0","10"
"T1996040","07-DEC-96","IPTN 212-100
","DIRGANTARA AIR SERVICE","NR. SJAMSUDIN NOOR AP.,  BANJARMASIN, ID","2","0","2","14","1","15"
"T1996041","30-NOV-96","DHC-6 TWIN OTTER 
300","ACES","PADRE AMAYA MT., NR. MEDELLIN, CO","2","0","2","12","1","13"
"T1996044","03-OCT-96","DHC-6 TWIN OTTER 
100","MALU AVIATION","NR. KAHEMBA, CD","2","0","2","4","0","19"
"T1997003","08-JAN-97","DHC-6 TWIN OTTER 
300","POLYNESIAN AIRLINES","MOAMOA AREA, NR. APIA, WS","1","1","2","2","1","3"
"T1997004","09-JAN-97","EMBRAER EMB-120 
BRASILIA","COMAIR","NR. IDA, 42KM S OF  DETROIT,  MICHIGAN, US","3","0","3","26","0","26"
"T1997008","01-FEB-97","HAWKER-SIDDELEY 
748 SRS.2A","AIR SENEGAL","TAMBACOUNDA AP.,  TAMBACOUNDA, SN","3","0","3","22","27","49"
"T1997011","19-APR-97","BRITISH AEROSPACE ATP
","MERPATI NUSANTARA AIRLINES","BULUTUMBANG AP.,  TANDJUNGPANDAN,  BELITUNG, ID","4","0","5","11","0","48"
"T1997020","06-JUN-97","VICKERS 700 VISCOUNT
","BAZAIR","NR. BUNIA, CD","7","0","7","20","0","20"
"T1997029","17-JUL-97","FOKKER F.27-600
","SEMPATI AIR","CICUKANG VILLAGE, NR. BANDUNG, ID","5","0","5","25","0","45"
"T1997034","10-AUG-97","DORNIER 228-200
","FORMOSA AIRLINES","PISHAN HILL, NR. MATSU, TW","2","0","2","14","0","14"
"T1997037","06-SEP-97","DORNIER 228-200
","MERPATI INTAN","LAMBIR HILLS, NR. MIRI, MY","2","0","2","8","0","8"
"T1997046","18-JUL-97","DHC-6 TWIN OTTER 
300","GOROKA AIR SERVICE","NR. GOROKA, PG","1","0","1","1","1","3"
"T1997050","09-DEC-97","EMBRAER EMB-110P1 
BANDEIRANTE","SOWIND AIR","LITTLE GRAND RAPIDS,  MANITOBA, CA","1","1","2","3","12","15"
"T1997053","12-DEC-97","FAIRCHILD SA-226TC 
METRO II","SERVICIOS Y TRANSPORTES AEREOS PETROLEROS SA","LA VERIENTE AIRSTRIP,  LA VERIENTE, BO","1","1","2","9","3","17"
"T1997081","12-SEP-97","DHC-6 TWIN OTTER 
300","TMK AIR COMMUTER","MINEMBWE MOUNTAINS, NR. UVIRA, CD","1","0","1","21","0","21"
"T1998002","27-JAN-98","FOKKER F.27-600
","MYANMA AIRWAYS","THANDWE AP.,  THANDWE, MM","1","0","4","15","0","41"
"T1998007","18-MAR-98","SAAB 340B
","FORMOSA AIRLINES","IN SEA, 11KMOF FF HSINCHU, TW","5","0","5","8","0","8"
"T1998020","18-JUN-98","FAIRCHILD SA-226TC 
METRO II","PROPAIR","MIRABEL AP.,  MONTREAL,  QUEBEC, CA","2","0","2","9","0","9"
"T1998025","30-JUL-98","BEECH COMMUTER 
1900D","PROTEUS AIR SYSTEM","BAIE DE QUIBERON, NR. VANNES, FR","2","0","2","12","0","12"
"T1998026","30-JUL-98","DORNIER 228-200
","INDIAN AIRLINES","COCHIN AP.,  COCHIN, IN","3","0","3","3","0","3"
"T1998028","21-AUG-98","DHC-6 TWIN OTTER 
300","LUMBINI AIRWAYS","MT. ANNAPURNA, NR. TATOPANI, NP","3","0","3","15","0","15"
"T1998029","29-JUL-98","EMBRAER EMB-110P1 
BANDEIRANTE","SELVA TAXI AEREO","MANACAPURU RIVER, 120KM W OF  MANAUS, BR","1","0","2","4","0","21"
"T1998034","24-AUG-98","FOKKER F.27-600
","MYANMA AIRWAYS","MT. PAYAKHA, 50KM N OF  TACHILEK, MM","4","0","4","40","0","40"
"T1998039","28-SEP-98","DHC-6 TWIN OTTER 
300","TACV CABO VERDE","FRANCISCO MENDES AP.,  PRAIA, CV","0","1","2","1","5","20"
"T1999002","02-JAN-99","LOCKHEED 100-30 
HERCULES","TRANSAFRIK","NR. BAILUNDO, AO","4","0","4","5","0","5"
"T1999011","25-FEB-99","DORNIER 328-100
","MINERVA ITALY","CRISTOFORO COLOMBO AP.,  GENOA, IT","1","0","4","3","2","27"
"T1999014","08-APR-99","DHC-6 TWIN OTTER 
300","AEROTACA","CERRO LA CARBONERA, NR. MALAGA, CO","2","0","2","3","0","3"
"T1999027","08-MAY-99","DHC-6 TWIN OTTER 
300","VANAIR","IN SEA OFF PARADISE COVE, NR. PORT VILA, VU","1","0","1","6","0","11"
"T1999033","17-JUN-99","EMBRAER EMB-110P2 
BANDEIRANTE","AIRLINK (PNG)","NR. GOROKA, PG","2","0","2","15","0","15"
"T1999042","02-JUL-99","FOKKER F.27-600
","MYANMA AIRWAYS","ALE BARONGA ISLAND, NR. SITTWE, MM","4","0","4","4","0","4"
"T1999045","24-JUL-99","EMBRAER EMB-110P1 
BANDEIRANTE","AIR FIJI","MATAICICIA HILLS, NR. SUVA, FJ","2","0","2","15","0","15"
"T1999049","05-SEP-99","HAWKER-SIDDELEY 
748 SRS.2B","NECON AIR","NR. RAMKOT, NP","5","0","5","10","0","10"
"T1999063","12-NOV-99","ATR-42-300
","SI FLY","NR. PRISTINA, YU","3","0","3","21","0","21"
"T1999070","11-DEC-99","BRITISH AEROSPACE ATP
","SATA AIR ACORES","PICO DA ESPERANZA,  SAO JORGE ISLAND,  AZORES, PT","4","0","4","31","0","31"
"T1999072","25-DEC-99","DHC-6 TWIN OTTER 
300","SKYLINE AIRWAYS","MT BURJA LEK, NR. BHOJPUR, NP","3","0","3","7","0","7"
"T2000001","10-JAN-00","SAAB 340B
","CROSSAIR","NIEDERHASLI, NR. ZURICH, CH","3","0","3","7","0","7"
"T2000002","13-JAN-00","SHORTS 360-300
","AVISTO","IN SEA, OFF MARSA EL BREGA, LY","1","2","3","21","11","38"
"T2000003","05-JAN-00","EMBRAER EMB-110P1 
BANDEIRANTE","SKYPOWER EXPRESS AIRWAYS","ABUJA INTL. AP.,  ABUJA, NG","0","1","3","1","0","13"
"T2000010","17-MAR-00","DHC-6 TWIN OTTER 
300","AEROPERLAS","PICO CARRETO, NR. QUINCE, PA","2","0","2","8","0","8"
"T2000018","17-MAY-00","BEECH COMMUTER 
1900C-1","AVIREX","NR. MOANDA, GA","1","1","2","2","1","8"
"T2000019","21-MAY-00","B.AE. JETSTREAM 31
","EXECUTIVE AIRLINES","BEAR CREEK TOWNSHIP, NR. WILKES-BARRE,  PENNSYLVANIA, US","2","0","2","17","0","17"
"T2000025","08-JUL-00","B.AE. JETSTREAM SUPER 31
","AEROCARIBE","NR. VILLAHERMOSA, MX","2","0","2","17","0","17"
"T2000031","27-JUL-00","DHC-6 TWIN OTTER 
300","ROYAL NEPAL AIRLINES","CHURE HILL, NR. DHANGARHI, NP","3","0","3","22","0","22"
"T2001009","10-FEB-01","A.S.T.A. (GAF) 
NOMAD N24A","GUM AIR","NR. JAKOBKONDRE, SR","1","0","1","9","0","9"
"T2001010","17-MAR-01","BEECH COMMUTER 
1900C-1","SAL EXPRESS","NR. LUBANGO, AO","2","0","2","14","1","15"
"T2001013","24-MAR-01","DHC-6 TWIN OTTER 
300","AIR CARAIBES","NR. ST. BARTHELEMY AP.,  ST. BARTHELEMY, GP","2","0","2","17","0","17"
"T2001030","29-AUG-01","CASA CN-235-200
","BINTER MEDITERRANEO","PABLO RUIZ PICASSO AP.,  MALAGA, ES","1","2","3","3","16","44"
"T2001063","10-OCT-01","FAIRCHILD SA-226AT 
MERLIN IVA","FLIGHTLINE SA","IN SEA OFF COLUMBRETES ISLANDS, 154KM NE OF  VALENCIA, ES","2","0","2","8","0","8"
"T2002031","17-JUL-02","DHC-6 TWIN OTTER 
300","SKYLINE AIRWAYS","GADGADE HILLS, NR. SURKHET, NP","2","0","2","2","0","2"
"T2002037","22-AUG-02","DHC-6 TWIN OTTER 
300","SHANGRILA AIR","NR. POKHARA, NP","3","0","3","15","0","15"
"T2002038","30-AUG-02","EMBRAER EMB-120 
BRASILIA","RICO LINHAS AEREAS","BUJARI, NR. RIO BRANCO, BR","3","0","3","20","8","28"
"T2002066","06-NOV-02","FOKKER 50
","LUXAIR","NIEDERANVEN, LU","2","1","3","18","1","19"
"T2002067","11-NOV-02","FOKKER F.27-600
","LAOAG INTERNATIONAL AIRWAYS","IN MANILA BAY,  MANILA, PH","2","1","5","17","3","29"
"T2003001","08-JAN-03","BEECH COMMUTER 
1900D","AIR MIDWEST","CHARLOTTE-DOUGLAS INTL. AP.,  CHARLOTTE,  NORTH CAROLINA, US","2","0","2","19","0","19"
"T2003004","24-JAN-03","GRUMMAN 159 
GULFSTREAM I","AFRICAN COMMUTER SERVICES","BUSIA AIRSTRIP,  BUSIA, KE","2","1","3","1","8","9"
"T2003016","27-MAR-03","DHC-6 TWIN OTTER 
300","AIR REGIONAL","MT. PUNCAK JAYA, NR. GUNUNG MULIA,  PAPUA, ID","1","1","3","4","9","15"
"T2003045","19-JUL-03","FAIRCHILD SA-226TC 
METRO II","RYAN BLAKE AIR","LENANA PEAK, MT KENYA, NR. NANYUKI, KE","2","0","2","12","0","12"
"T2003060","08-NOV-03","SHORTS SC.7 SKYVAN 3
","TRANS GUYANA AIRWAYS","SOPHIA DISTRICT,  GEORGETOWN, GY","1","2","3","1","3","4"
"T2004004","10-FEB-04","FOKKER 50
","KISH AIR","NR. SHARJAH, AE","6","0","6","37","3","40"
"T2004012","14-MAY-04","EMBRAER EMB-120 
BRASILIA","RICO LINHAS AEREAS","NR. MANAUS, BR","3","0","3","30","0","30"
"T2004020","08-JUN-04","HAWKER-SIDDELEY 
748 SRS.2A","GABON EXPRESS","IN SEA, OFF LIBREVILLE, GA","1","0","4","18","0","26"
"T2004022","05-MAY-04","FAIRCHILD SA-227AC 
METRO III","AEROTRANSPORTES PETROLEROS","ANTONIO ROLDAN BETANCOURT AP.,  CAREPA, CO","2","0","2","1","4","5"
"T2004035","18-OCT-04","B.AE. JETSTREAM SUPER 31
","CORPORATE AIRLINES","NR. KIRKSVILLE,  MISSOURI, US","2","0","2","11","2","13"
"T2004038","18-NOV-04","B.AE. JETSTREAM 31
","VENEZOLANA","SIMON BOLIVAR INTL. AP.,  CARACAS, VE","0","2","2","4","15","19"
"T2005015","12-APR-05","DHC-6 TWIN OTTER 
100","GT AIR","NR. ENAROTALI, ID","3","0","3","14","0","14"
"T2005020","07-MAY-05","FAIRCHILD SA-227AC 
METRO 23","AERO-TROPICS AIR SERVICES","SOUTH PAP RIDGE,  NEAR LOCKHART RIVER,  QUEENSLAND, AU","2","0","2","13","0","13"
"T2005034","06-AUG-05","ATR-72-200
","TUNINTER","IN TYRRHENIAN SEA, 20KM OF FF PALERMO,  SICILY, IT","1","3","4","15","8","35"
"T2005057","19-DEC-05","GRUMMAN TURBINE 
MALLARD","CHALK'S OCEAN AIRWAYS","GOVERNMENT CUT,  MIAMI,  FLORIDA, US","2","0","2","18","0","18"
"T2006030","21-JUN-06","DHC-6 TWIN OTTER 
300","YETI AIRLINES","NR. JUMLA, NP","3","0","3","6","0","6"
"T2006032","10-JUL-06","FOKKER F.27-600
","PAKISTAN INTERNATIONAL AIRLINES","SURAJ MIANI VILLAGE, NR. MULTAN, PK","4","0","4","41","0","41"
"T2006054","17-NOV-06","DHC-6 TWIN OTTER 
300","TRIGANA AIR","MT. GERGAJI, NR. ILLAGA,  PAPUA, ID","3","0","3","9","0","9"
"T2007027","23-JUN-07","DHC-6 TWIN OTTER 
300","YEMENIA","AL-NAEEM AP.,  AL-NAEEM, YE","0","2","0","1","3","0"
"T2007032","08-JUL-07","DHC-6 TWIN OTTER 
100","LIARD AIR","NORTHERN ROCKIES LODGE AIRSTRIP,  MUNCHO LAKE,  BRITISH COLUMBIA, CA","0","2","2","1","0","3"
"T2007043","09-AUG-07","DHC-6 TWIN OTTER 
300","AIR MOOREA","NR. TEMAE AP.,  MOOREA, PF","1","0","1","19","0","19"
"T2008009","21-FEB-08","ATR-42-300
","SANTA BARBARA AIRLINES","LA CARA DEL INDIO, NR. MERIDA, VE","3","0","3","43","0","43"
"T2008023","02-MAY-08","BEECH COMMUTER 
1900C-1","SOUTHERN SUDAN AIR CONNECTION","NR. RUMBEK, SD","2","0","2","19","0","19"
"T2008043","10-JUL-08","BEECH 99A
","INVERSIONES AERES PATAGONIA","PUERTO MONTT, CL","1","0","1","8","0","8"
"T2008060","01-SEP-08","BEECH COMMUTER 
1900C-1","AIR SERV INTERNATIONAL","MT. KAHUZI, NR. BUKAVU, CD","2","0","2","15","0","15"
"T2008067","08-OCT-08","DHC-6 TWIN OTTER 
300","YETI AIRLINES","TENZING-HILLARY AP.,  LUKLA, NP","2","1","3","16","0","16"
"T2009005","07-FEB-09","EMBRAER EMB-110P1 
BANDEIRANTE","MANAUS AERO TAXI","MANACAPURU RIVER,  MANACAPURU, BR","2","0","2","22","0","26"
"T2009006","12-FEB-09","DHC DASH 8-400
","COLGAN AIR","CLARENCE CENTER,  NEW YORK, US","4","0","4","45","0","45"
"T2009039","02-AUG-09","DHC-6 TWIN OTTER 
300","MERPATI NUSANTARA AIRLINES","NR. AMPISIBIL,  PAPUA, ID","3","0","3","12","0","12"
"T2009042","11-AUG-09","DHC-6 TWIN OTTER 
300","AIRLINES PNG","NR. KOKODA, PG","2","0","2","11","0","11"
"T2010006","25-JAN-10","EMBRAER EMB-110 
BANDEIRANTE","PIQUIATUBA TAXI AEREO","NR. SENADOR JOSE PORFIRIO, BR","1","0","2","1","0","8"
"T2010036","19-JUN-10","CASA 212-100
","AERO SERVICE (CONGO BRAZZAVILLE)","AVIMA RIDGE, NR. YANGADOU, CG","2","0","2","9","0","9"
"T2010045","24-AUG-10","DORNIER 228-100
","AGNI AIR","NR. BASTIPUR, NP","3","0","3","11","0","11"
"T2010049","13-SEP-10","ATR-42-300
","CONVIASA","PUERT ORDAZ, VE","3","0","4","14","0","47"
"T2010061","05-NOV-10","BEECH COMMUTER 
1900C-1","JS AIR","GULISTAN-E-JAUHAR,  KARACHI, PK","3","0","3","18","0","18"
"T2010062","04-NOV-10","ATR-72-210
","AEROCARIBBEAN","NR. GUASIMAL, CU","7","0","7","61","0","61"
"T2010078","15-DEC-10","DHC-6 TWIN OTTER 
300","TARA AIR","PALUNGE MT, NR. RUMJATAR,  OKHALDHUNGA DISTRICT, NP","3","0","3","19","0","19"
"T2011005","10-FEB-11","FAIRCHILD SA-227AC 
METRO III","MANX2","CORK AP.,  CORK,  COUNTY CORK, IE","2","0","2","4","4","10"
"T2011028","18-MAY-11","SAAB 340A
","SOL LINEAS AEREAS","PRAHUANIYEU, 35KM SE OF  LOS MENUCOS,  RIO NEGRO, AR","3","0","3","19","0","19"
"T2011047","06-SEP-11","FAIRCHILD SA-227AC 
METRO III","AEROCON","NR. TRINIDAD, BO","2","0","2","6","1","7"
"T2011050","20-SEP-11","BEECH 99A
","SALSA D'HAITI","NR. MILOT, HT","2","0","2","1","0","1"
"T2011053","25-SEP-11","BEECH COMMUTER 
1900D","BUDDHA AIR","KOT DANDA HILL, NR. KATHMANDU, NP","3","0","3","16","0","16"
"T2011054","29-SEP-11","IPTN 212-200
","NUSANTARA BUANA AIR","MT. LEUSER, NR. KUTACANE,  NORTH SUMATRA, ID","4","0","4","16","0","16"
"T2011057","13-OCT-11","DHC DASH 8-100
","AIRLINES PNG","35KM SSE OF  MADANG, PG","1","1","4","27","1","28"
"T20120076","22-DEC-12","FAIRCHILD SA-227AC 
METRO III","PERIMETER AIRLINES","SANIKILUAQ AP.,  SANIKILUAQ,  NUNAVUT, CA","0","2","2","1","0","7"
"T2012018","02-APR-12","ATR-72-200
","UTAIR","NR. ROSCHINO INTL. AP.,  TYUMEN, RU","4","0","4","29","10","39"
"T2012019","08-APR-12","DHC-6 TWIN OTTER 
300","TRIGANA AIR","MULIA AP.,  MULIA,  PAPUA, ID","0","2","2","1","2","6"
"T2012027","14-MAY-12","DORNIER 228-200
","AGNI AIR","JOMSOM, NP","2","1","3","13","5","18"
"T2012058","28-SEP-12","DORNIER 228-200
","SITA AIR","MADHYAPUR THIMI DISTRICT,  KATHMANDU, NP","3","0","3","16","0","16"
"T20130039","03-OCT-13","EMBRAER EMB-120 
BRASILIA","ASSOCIATED AVIATION","MURTALA MUHAMMED AP.,  LAGOS, NG","4","0","4","11","5","16"
"T20130042","10-OCT-13","DHC-6 TWIN OTTER 
300","MASWINGS","KUDAT AP.,  KUDAT, MY","1","1","2","1","3","14"
"T20130043","16-OCT-13","ATR-72-600
","LAO AIRLINES","MEKONG RIVER, NR. PAKSE, LA","5","0","5","44","0","44"
"T20130049","03-NOV-13","FAIRCHILD SA-227AC 
METRO III","AEROCON","GENERAL BUECH AP.,  RIBERALTA, BO","0","2","2","8","1","16"
"T20130050","10-NOV-13","FAIRCHILD SA-227AC 
METRO III","BEARSKIN AIRLINES","RED LAKE AP.,  RED LAKE,  ONTARIO, CA","2","0","2","3","0","5"
"T20140012","16-FEB-14","DHC-6 TWIN OTTER 
300","NEPAL AIRLINES","MASINE LEK, NR. KHIDIM, NP","3","0","3","15","0","15"
"T20140034","23-JUL-14","ATR-72-500
","TRANSASIA AIRWAYS","XIXI VILLAGE,  HUHSI TOWNSHIP, TW","4","0","4","44","10","54"
"T20140046","20-SEP-14","DHC-6 TWIN OTTER 
300","HEVILIFT LTD","MOUNT LAWES, NR. PORT MORESBY,  CENTRAL PROVINCE, PG","2","0","2","2","5","7"
"T20150004","04-FEB-15","ATR-72-600
","TRANSASIA AIRWAYS","KEELUNG RIVER,  TAIPEI, TW","4","1","5","39","13","53"
"T20150043","16-AUG-15","ATR-42-300
","TRIGANA AIR","MOUNT TANGGO, 19KM NW OF  OKSIBIL,  PAPUA, ID","5","0","5","49","0","49"
"T20150057","02-OCT-15","DHC-6 TWIN OTTER 
300","AVIASTAR MANDIRI","GUNUNG BAJAJA, 100KM SSW OF  MASAMBA,  SOUTH SULAWESI, ID","2","0","2","8","0","8"
"T20160005","24-FEB-16","DHC-6 TWIN OTTER 
400 (VIKING)","TARA AIR","RUPSE CHHAHARI, NP","3","0","3","20","0","20"
