EventId,EventDate,EventType,SourceDataset,AgencyReportNumber,AgencyReportType,AgencyReportDate,City,StateCode,Country,Latitude,Longitude,AirportCode,AirportName,InjurySeverity,InjuryFatalCount,InjurySeriousCount,InjuryMinorCount,InjuryUninjuredCount,AircraftDamageSeverity,AircraftMake,AircraftModel,AircraftSeries,AircraftAmateurBuilt,AircraftOperator,AircraftEngineMake,AircraftEngineModel,AircraftEngineGroupCode,AircraftEngineType,AircraftEngineCount,AircraftRegistrationNumber,AircraftSerialNumber,FlightType,FlightConductCode,FlightPlanFiledCode,FlightPhase,FlightWeatherCondition,PilotCertificateType,PilotFlightTimeTotal,PilotFlightTimeInType
J1990003,1990-01-25,,WAAS,,WAAS,,,,US,,,,,,73,81,,4,,BOEING,707-320B,,,AVIANCA,,,,,,,,,,,,,,,
J1990004,1990-02-14,,WAAS,,WAAS,,,,IN,,,,,,92,22,,32,,AIRBUS,A320-230,0,,INDIAN AIRLINES,,,,,,,,,,,,,,,
J1990014,1990-05-11,,WAAS,,WAAS,,,,PH,,,,,,8,0,,111,,BOEING,737-300,0,,PHILIPPINE AIRLINES,,,,,,,,,,,,,,,
J1990023,1990-10-02,,WAAS,,WAAS,,,,CN,,,,,,46,34,,42,,BOEING,757-200,0,,CHINA SOUTHERN AIRLINES,,,,,,,,,,,,,,,
J1990024,1990-10-02,,WAAS,,WAAS,,,,CN,,,,,,82,18,,2,,BOEING,737-200,,,XIAMEN AIRLINES,,,,,,,,,,,,,,,
J1990030,1990-11-14,,WAAS,,WAAS,,,,CH,,,,,,46,0,,0,,DOUGLAS,DC-9-32,2,,ALITALIA,,,,,,,,,,,,,,,
J1990035,1990-12-03,,WAAS,,WAAS,,,,US,,,,,,8,10,,26,,DOUGLAS,DC-9-14,4,,NORTHWEST AIRLINES,,,,,,,,,,,,,,,
J1991002,1991-02-01,,WAAS,,WAAS,,,,US,,,,,,22,13,,54,,BOEING,737-300,0,,USAIR,,,,,,,,,,,,,,,
J1991006,1991-02-20,,WAAS,,WAAS,,,,CL,,,,,,20,2,,50,,BRITISH,AEROSPACE,0,,LAN CHILE,,,,,,,,,,,,,,,
J1991009,1991-03-03,,WAAS,,WAAS,,,,US,,,,,,25,0,,0,,BOEING,737-200,,,UNITED AIRLINES,,,,,,,,,,,,,,,
J1991011,1991-03-05,,WAAS,,WAAS,,,,VE,,,,,,45,0,,0,,DOUGLAS,DC-9-32,2,,LAV - AEROPOSTAL,,,,,,,,,,,,,,,
J1991020,1991-05-26,,WAAS,,WAAS,,,,TH,,,,,,223,0,,0,,BOEING,767-300ER,,,LAUDA AIR,,,,,,,,,,,,,,,
J1991027,1991-06-26,,WAAS,,WAAS,,,,NG,,,,,,4,7,,42,,BAC,ONE-ELEVEN,0,,OKADA AIR,,,,,,,,,,,,,,,
J1991032,1991-07-11,,WAAS,,WAAS,,,,SA,,,,,,261,0,,0,,DOUGLAS,DC-8-61,1,,NATIONAIR CANADA,,,,,,,,,,,,,,,
J1991034,1991-08-16,,WAAS,,WAAS,,,,IN,,,,,,69,0,,0,,BOEING,737-200,,,INDIAN AIRLINES,,,,,,,,,,,,,,,
J1992005,1992-01-20,,WAAS,,WAAS,,,,FR,,,,,,87,5,,4,,AIRBUS,A320-110,0,,AIR INTER,,,,,,,,,,,,,,,
J1992021,1992-03-22,,WAAS,,WAAS,,,,US,,,,,,27,9,,15,,FOKKER,F.28-4000,0,,USAIR,,,,,,,,,,,,,,,
J1992026,1992-06-06,,WAAS,,WAAS,,,,PA,,,,,,47,0,,0,,BOEING,737-200,,,COPA PANAMA,,,,,,,,,,,,,,,
J1992031,1992-07-31,,WAAS,,WAAS,,,,NP,,,,,,113,0,,0,,AIRBUS,A310-300,0,,THAI INTERNATIONAL,,,,,,,,,,,,,,,
J1992036,1992-09-28,,WAAS,,WAAS,,,,NP,,,,,,167,0,,0,,AIRBUS,A300,0,,PAKISTAN INTERNATIONAL AIRLINES,,,,,,,,,,,,,,,
J1992049,1992-11-24,,WAAS,,WAAS,,,,CN,,,,,,141,0,,0,,BOEING,737-300,0,,CHINA SOUTHERN AIRLINES,,,,,,,,,,,,,,,
J1992055,1992-12-21,,WAAS,,WAAS,,,,PT,,,,,,56,106,,178,,DOUGLAS,DC-10-30CF,,,MARTINAIR HOLLAND,,,,,,,,,,,,,,,
J1992056,1992-12-22,,WAAS,,WAAS,,,,LY,,,,,,157,0,,0,,BOEING,727-200,,,LIBYAN ARAB AIRLINES,,,,,,,,,,,,,,,
J1993004,1993-03-05,,WAAS,,WAAS,,,,MK,,,,,,83,13,,1,,FOKKER,100,0,,PALAIR MACEDONIAN,,,,,,,,,,,,,,,
J1993011,1993-04-06,,WAAS,,WAAS,,,,US,,,,,,2,15,,247,,DOUGLAS,MD-11,1,,CHINA EASTERN AIRLINES,,,,,,,,,,,,,,,
J1993014,1993-04-26,,WAAS,,WAAS,,,,IN,,,,,,56,15,,47,,BOEING,737-200,,,INDIAN AIRLINES,,,,,,,,,,,,,,,
J1993017,1993-05-19,,WAAS,,WAAS,,,,CO,,,,,,132,0,,0,,BOEING,727-100,0,,SAM COLOMBIA,,,,,,,,,,,,,,,
J1993023,1993-07-01,,WAAS,,WAAS,,,,ID,,,,,,41,2,,0,,FOKKER,F.28-3000,0,,MERPATI NUSANTARA AIRLINES,,,,,,,,,,,,,,,
J1993028,1993-07-23,,WAAS,,WAAS,,,,CN,,,,,,55,16,,42,,BRITISH,AEROSPACE,0,,CHINA NORTHWEST AIRLINES,,,,,,,,,,,,,,,
J1993030,1993-07-26,,WAAS,,WAAS,,,,KR,,,,,,68,26,,16,,BOEING,737-500,0,,ASIANA AIRLINES,,,,,,,,,,,,,,,
J1993042,1993-09-14,,WAAS,,WAAS,,,,PL,,,,,,2,9,,59,,AIRBUS,A320-210,0,,LUFTHANSA,,,,,,,,,,,,,,,
J1993044,1993-10-26,,WAAS,,WAAS,,,,CN,,,,,,2,13,,65,,DOUGLAS,MD-82,2,,CHINA EASTERN AIRLINES,,,,,,,,,,,,,,,
J1993048,1993-11-13,,WAAS,,WAAS,,,,CN,,,,,,12,7,,83,,DOUGLAS,MD-82,2,,CHINA NORTHERN AIRLINES,,,,,,,,,,,,,,,
J1994007,1994-03-23,,WAAS,,WAAS,,,,RU,,,,,,75,0,,0,,AIRBUS,A310-300,0,,AEROFLOT RUSSIAN INTERNATIONAL AIRLINES,,,,,,,,,,,,,,,
J1994010,1994-04-26,,WAAS,,WAAS,,,,JP,,,,,,264,7,,0,,AIRBUS,A300-620R,,,CHINA AIRLINES,,,,,,,,,,,,,,,
J1994018,1994-07-01,,WAAS,,WAAS,,,,MR,,,,,,80,9,,4,,FOKKER,F.28-6000,0,,AIR MAURITANIE,,,,,,,,,,,,,,,
J1994019,1994-07-02,,WAAS,,WAAS,,,,US,,,,,,37,16,,4,,DOUGLAS,DC-9-31,1,,USAIR,,,,,,,,,,,,,,,
J1994028,1994-09-08,,WAAS,,WAAS,,,,US,,,,,,132,0,,0,,BOEING,737-300,0,,USAIR,,,,,,,,,,,,,,,
J1994030,1994-09-18,,WAAS,,WAAS,,,,DZ,,,,,,5,34,,0,,BAC,ONE-ELEVEN,0,,ORIENTAL AIRLINES,,,,,,,,,,,,,,,
J1994036,1994-10-12,,WAAS,,WAAS,,,,IR,,,,,,66,0,,0,,FOKKER,F.28-1000,0,,IRAN ASSEMAN AIRLINES,,,,,,,,,,,,,,,
J1994047,1994-12-11,,WAAS,,WAAS,,,,JP,,,,,,1,0,,292,,BOEING,747-200BM,,,PHILIPPINE AIRLINES,,,,,,,,,,,,,,,
J1994053,1994-12-29,,WAAS,,WAAS,,,,TR,,,,,,57,19,,0,,BOEING,737-400,0,,THY - TURKISH AIRLINES,,,,,,,,,,,,,,,
J1994054,1994-12-24,,WAAS,,WAAS,,,,DZ,,,,,,3,1,,235,,AIRBUS,A300,0,,AIR FRANCE,,,,,,,,,,,,,,,
J1995002,1995-01-11,,WAAS,,WAAS,,,,CO,,,,,,51,1,,0,,DOUGLAS,DC-9-14,4,,INTERCONTINENTAL COLOMBIA,,,,,,,,,,,,,,,
J1995012,1995-03-31,,WAAS,,WAAS,,,,RO,,,,,,60,0,,0,,AIRBUS,A310-320,0,,TAROM,,,,,,,,,,,,,,,
J1995014,1995-12-20,,WAAS,,WAAS,,,,CO,,,,,,160,4,,0,,BOEING,757-200,0,,AMERICAN AIRLINES,,,,,,,,,,,,,,,
J1995084,1995-08-09,,WAAS,,WAAS,,,,SV,,,,,,65,0,,0,,BOEING,737-200,,,AVIATECA,,,,,,,,,,,,,,,
J1995090,1995-11-13,,WAAS,,WAAS,,,,NG,,,,,,9,4,,124,,BOEING,737-200,,,NIGERIA AIRWAYS,,,,,,,,,,,,,,,
J1995094,1995-12-03,,WAAS,,WAAS,,,,CM,,,,,,72,6,,0,,BOEING,737-200,,,CAMEROON AIRLINES,,,,,,,,,,,,,,,
J1996006,1996-02-06,,WAAS,,WAAS,,,,DO,,,,,,189,0,,0,,BOEING,757-200,0,,BIRGENAIR,,,,,,,,,,,,,,,
J1996007,1996-02-29,,WAAS,,WAAS,,,,PE,,,,,,123,0,,0,,BOEING,737-200,0,,FAUCETT,,,,,,,,,,,,,,,
J19960077,1996-09-05,,WAAS,,WAAS,,,,BF,,,,,,1,2,,221,,BOEING,747-400,0,,AIR FRANCE,,,,,,,,,,,,,,,
J1996014,1996-05-11,,WAAS,,WAAS,,,,US,,,,,,110,0,,0,,DOUGLAS,DC-9-32,2,,VALUJET,,,,,,,,,,,,,,,
J1996024,1996-06-13,,WAAS,,WAAS,,,,JP,,,,,,3,18,,254,,DOUGLAS,DC-10-30,0,,GARUDA INDONESIA,,,,,,,,,,,,,,,
J1996025,1996-07-17,,WAAS,,WAAS,,,,US,,,,,,230,0,,0,,BOEING,747-100,0,,TRANS WORLD AIRLINES,,,,,,,,,,,,,,,
J1996027,1996-07-06,,WAAS,,WAAS,,,,US,,,,,,2,2,,138,,DOUGLAS,MD-88,8,,DELTA AIR LINES,,,,,,,,,,,,,,,
J1996031,1996-10-02,,WAAS,,WAAS,,,,PE,,,,,,70,0,,0,,BOEING,757-200,0,,AERO PERU,,,,,,,,,,,,,,,
J1996038,1996-10-31,,WAAS,,WAAS,,,,BR,,,,,,95,0,,0,,FOKKER,100,0,,TAM - TRANSPORTES AÉREOS REGIONAIS SA,,,,,,,,,,,,,,,
J1996039,1996-11-12,,WAAS,,WAAS,,,,IN,,,,,,312,0,,0,,BOEING,747-100B,,,SAUDI ARABIAN AIRLINES,,,,,,,,,,,,,,,
J1996040,1996-11-07,,WAAS,,WAAS,,,,NG,,,,,,143,0,,0,,BOEING,727-200,0,,ADC AIRLINES,,,,,,,,,,,,,,,
J1996042,1996-11-23,,WAAS,,WAAS,,,,KM,,,,,,127,5,,43,,BOEING,767-200ERM,,,ETHIOPIAN AIRLINES,,,,,,,,,,,,,,,
J1997011,1997-05-08,,WAAS,,WAAS,,,,CN,,,,,,35,0,,39,,BOEING,737-300,0,,CHINA SOUTHERN AIRLINES,,,,,,,,,,,,,,,
J1997020,1997-07-09,,WAAS,,WAAS,,,,BR,,,,,,1,0,,59,,FOKKER,100,0,,TAM - TRANSPORTES AÉREOS REGIONAIS SA,,,,,,,,,,,,,,,
J1997024,1997-08-06,,WAAS,,WAAS,,,,GU,,,,,,229,25,,0,,BOEING,747-300,0,,KOREAN AIR,,,,,,,,,,,,,,,
J1997037,1997-09-26,,WAAS,,WAAS,,,,ID,,,,,,234,0,,0,,AIRBUS,A300,,,GARUDA INDONESIA,,,,,,,,,,,,,,,
J1997040,1997-10-10,,WAAS,,WAAS,,,,UY,,,,,,74,0,,0,,DOUGLAS,DC-9-32,2,,AUSTRAL,,,,,,,,,,,,,,,
J1997051,1997-12-19,,WAAS,,WAAS,,,,ID,,,,,,104,0,,0,,BOEING,737-300,0,,SILKAIR,,,,,,,,,,,,,,,
J1997052,1997-12-28,,WAAS,,WAAS,,,,JP,,,,,,1,18,,374,,BOEING,747-100,0,,UNITED AIRLINES,,,,,,,,,,,,,,,
J1998003,1998-02-02,,WAAS,,WAAS,,,,PH,,,,,,104,0,,0,,DOUGLAS,DC-9-32,2,,CEBU PACIFIC AIR,,,,,,,,,,,,,,,
J1998007,1998-02-16,,WAAS,,WAAS,,,,TW,,,,,,196,0,,0,,AIRBUS,A300-620R,,,CHINA AIRLINES,,,,,,,,,,,,,,,
J1998014,1998-03-19,,WAAS,,WAAS,,,,AF,,,,,,45,0,,0,,BOEING,727-200,,,ARIANA AFGHAN AIRLINES,,,,,,,,,,,,,,,
J1998019,1998-04-20,,WAAS,,WAAS,,,,CO,,,,,,53,0,,0,,BOEING,727-200,,,TAME ECUADOR,,,,,,,,,,,,,,,
J1998041,1998-09-02,,WAAS,,WAAS,,,,CA,,,,,,229,0,,0,,DOUGLAS,MD-11,1,,SWISSAIR,,,,,,,,,,,,,,,
J1998046,1998-09-25,,WAAS,,WAAS,,,,MA,,,,,,38,0,,0,,BRITISH,AEROSPACE,0,,PAUKN AIR,,,,,,,,,,,,,,,
J1998057,1998-10-10,,WAAS,,WAAS,,,,CD,,,,,,41,0,,0,,BOEING,727-100,0,,CONGO AEROSPACE,,,,,,,,,,,,,,,
J1998067,1998-12-11,,WAAS,,WAAS,,,,TH,,,,,,102,0,,44,,AIRBUS,A310-200,0,,THAI INTERNATIONAL,,,,,,,,,,,,,,,
J1999053,1999-06-01,,WAAS,,WAAS,,,,US,,,,,,11,45,,89,,DOUGLAS,MD-82,2,,AMERICAN AIRLINES,,,,,,,,,,,,,,,
J1999062,1999-08-24,,WAAS,,WAAS,,,,TW,,,,,,1,13,,82,,DOUGLAS,MD-90-30,0,,UNI AIR,,,,,,,,,,,,,,,
J1999064,1999-08-31,,WAAS,,WAAS,,,,AR,,,,,,63,15,,22,,BOEING,737-200C,,,LAPA,,,,,,,,,,,,,,,
J1999068,1999-08-22,,WAAS,,WAAS,,,,HK,,,,,,3,50,,262,,DOUGLAS,MD-11,1,,CHINA AIRLINES,,,,,,,,,,,,,,,
J1999069,1999-09-14,,WAAS,,WAAS,,,,ES,,,,,,1,2,,242,,BOEING,757-200,0,,BRITANNIA AIRWAYS,,,,,,,,,,,,,,,
J1999080,1999-10-31,,WAAS,,WAAS,,,,US,,,,,,217,0,,0,,BOEING,767-300ER,,,EGYPTAIR,,,,,,,,,,,,,,,
J1999081,1999-11-09,,WAAS,,WAAS,,,,MX,,,,,,18,0,,0,,DOUGLAS,DC-9-31CF,,,TAESA,,,,,,,,,,,,,,,
J1999092,1999-12-21,,WAAS,,WAAS,,,,GT,,,,,,16,0,,298,,DOUGLAS,DC-10-30,0,,CUBANA,,,,,,,,,,,,,,,
J2000001,2000-01-31,,WAAS,,WAAS,,,,US,,,,,,88,0,,0,,DOUGLAS,MD-83,3,,ALASKA AIRLINES,,,,,,,,,,,,,,,
J2000002,2000-01-30,,WAAS,,WAAS,,,,CI,,,,,,169,0,,10,,AIRBUS,A310-300,0,,KENYA AIRWAYS,,,,,,,,,,,,,,,
J2000024,2000-04-19,,WAAS,,WAAS,,,,PH,,,,,,131,0,,0,,BOEING,737-200,,,AIR PHILIPPINES,,,,,,,,,,,,,,,
J2000039,2000-07-25,,WAAS,,WAAS,,,,FR,,,,,,109,0,,0,,,BAC/SUD CONCORDE,,,AIR FRANCE,,,,,,,,,,,,,,,
J2000040,2000-07-17,,WAAS,,WAAS,,,,IN,,,,,,55,2,,1,,BOEING,737-200,,,ALLIANCE AIR,,,,,,,,,,,,,,,
J2000045,2000-08-23,,WAAS,,WAAS,,,,BH,,,,,,143,0,,0,,AIRBUS,A320-210,0,,GULF AIR,,,,,,,,,,,,,,,
J2000052,2000-10-31,,WAAS,,WAAS,,,,TW,,,,,,83,39,,57,,BOEING,747-400,0,,SINGAPORE AIRLINES,,,,,,,,,,,,,,,
J2001065,2001-09-11,,WAAS,,WAAS,,,,US,,,,,,92,0,,0,,BOEING,767-200ER,,,AMERICAN AIRLINES,,,,,,,,,,,,,,,
J2001066,2001-09-11,,WAAS,,WAAS,,,,US,,,,,,64,0,,0,,BOEING,757-200,0,,AMERICAN AIRLINES,,,,,,,,,,,,,,,
J2001067,2001-09-11,,WAAS,,WAAS,,,,US,,,,,,44,0,,0,,BOEING,757-200,0,,UNITED AIRLINES,,,,,,,,,,,,,,,
J2001068,2001-09-11,,WAAS,,WAAS,,,,US,,,,,,65,0,,0,,BOEING,767-200,0,,UNITED AIRLINES,,,,,,,,,,,,,,,
J2001072,2001-10-08,,WAAS,,WAAS,,,,IT,,,,,,110,0,,0,,DOUGLAS,MD-87,7,,SAS,,,,,,,,,,,,,,,
J2001080,2001-11-12,,WAAS,,WAAS,,,,US,,,,,,260,0,,0,,AIRBUS,A300-600R,,,AMERICAN AIRLINES,,,,,,,,,,,,,,,
J2001081,2001-09-15,,WAAS,,WAAS,,,,BR,,,,,,1,0,,87,,FOKKER,100,0,,TAM LINHAS AEREAS,,,,,,,,,,,,,,,
J2001082,2001-11-24,,WAAS,,WAAS,,,,CH,,,,,,24,5,,4,,AVRO,RJ100,0,,CROSSAIR,,,,,,,,,,,,,,,
J2002003,2002-01-28,,WAAS,,WAAS,,,,CO,,,,,,92,0,,0,,BOEING,727-100,0,,TAME ECUADOR,,,,,,,,,,,,,,,
J2002015,2002-04-15,,WAAS,,WAAS,,,,KR,,,,,,128,28,,10,,BOEING,767-200ER,,,AIR CHINA,,,,,,,,,,,,,,,
J2002017,2002-05-04,,WAAS,,WAAS,,,,NG,,,,,,73,2,,2,,BAC,ONE-ELEVEN,0,,EAS AIRLINES,,,,,,,,,,,,,,,
J2002018,2002-05-07,,WAAS,,WAAS,,,,TN,,,,,,14,0,,48,,BOEING,737-500,0,,EGYPTAIR,,,,,,,,,,,,,,,
J2002019,2002-05-07,,WAAS,,WAAS,,,,CN,,,,,,112,0,,0,,DOUGLAS,MD-82,2,,CHINA NORTHERN AIRLINES,,,,,,,,,,,,,,,
J2002022,2002-05-25,,WAAS,,WAAS,,,,TW,,,,,,225,0,,0,,BOEING,747-200B,,,CHINA AIRLINES,,,,,,,,,,,,,,,
J2003002,2003-01-08,,WAAS,,WAAS,,,,TR,,,,,,75,5,,0,,AVRO,RJ100,0,,THY - TURKISH AIRLINES,,,,,,,,,,,,,,,
J2003003,2003-01-09,,WAAS,,WAAS,,,,PE,,,,,,46,0,,0,,FOKKER,F.28-1000,0,,TANS-TRANSPORTES AEREOS NACIONALES DE LA SELVA,,,,,,,,,,,,,,,
J2003014,2003-03-06,,WAAS,,WAAS,,,,DZ,,,,,,103,1,,0,,BOEING,737-200,,,AIR ALGERIE,,,,,,,,,,,,,,,
J2003119,2003-07-08,,WAAS,,WAAS,,,,SD,,,,,,116,1,,0,,BOEING,737-200C,,,SUDAN AIRWAYS,,,,,,,,,,,,,,,
J2003155,2003-12-25,,WAAS,,WAAS,,,,BJ,,,,,,141,22,,0,,BOEING,727-200,,,UTA GUINEE,,,,,,,,,,,,,,,
J2004001,2004-01-03,,WAAS,,WAAS,,,,EG,,,,,,148,0,,0,,BOEING,737-300,0,,FLASH AIRLINES,,,,,,,,,,,,,,,
J2004068,2004-11-21,,WAAS,,WAAS,,,,CN,,,,,,53,0,,0,,CANADAIR,RJ,,,CHINA EASTERN AIRLINES YUNNAN,,,,,,,,,,,,,,,
J2004072,2004-11-30,,WAAS,,WAAS,,,,ID,,,,,,25,59,,79,,DOUGLAS,MD-82,2,,LION AIRLINES,,,,,,,,,,,,,,,
J2005007,2005-02-03,,WAAS,,WAAS,,,,AF,,,,,,104,0,,0,,BOEING,737-200,,,KAM AIR,,,,,,,,,,,,,,,
J2005022,2005-04-20,,WAAS,,WAAS,,,,IR,,,,,,3,0,,170,,BOEING,707-320C,,,SAHA AIR,,,,,,,,,,,,,,,
J2005050,2005-08-14,,WAAS,,WAAS,,,,GR,,,,,,121,0,,0,,BOEING,737-300,0,,HELIOS AIRWAYS,,,,,,,,,,,,,,,
J2005051,2005-08-16,,WAAS,,WAAS,,,,VE,,,,,,160,0,,0,,DOUGLAS,MD-82,2,,WEST CARIBBEAN AIRWAYS,,,,,,,,,,,,,,,
J2005053,2005-08-23,,WAAS,,WAAS,,,,PE,,,,,,40,0,,58,,BOEING,737-200,,,TANS-TRANSPORTES AEREOS NACIONALES DE LA SELVA,,,,,,,,,,,,,,,
J2005062,2005-09-05,,WAAS,,WAAS,,,,ID,,,,,,100,15,,2,,BOEING,737-200,,,MANDALA AIRLINES,,,,,,,,,,,,,,,
J2005068,2005-10-22,,WAAS,,WAAS,,,,NG,,,,,,117,0,,0,,BOEING,737-200,,,BELLVIEW AIRLINES,,,,,,,,,,,,,,,
J2005083,2005-12-10,,WAAS,,WAAS,,,,NG,,,,,,108,2,,0,,DOUGLAS,DC-9-32,2,,SOSOLISO AIRLINES,,,,,,,,,,,,,,,
J2006015,2006-05-03,,WAAS,,WAAS,,,,RU,,,,,,113,0,,0,,AIRBUS,A320-210,0,,ARMAVIA,,,,,,,,,,,,,,,
J2006041,2006-07-09,,WAAS,,WAAS,,,,RU,,,,,,125,41,,37,,AIRBUS,A310-320,0,,S7 AIRLINES,,,,,,,,,,,,,,,
J2006052,2006-08-27,,WAAS,,WAAS,,,,US,,,,,,49,1,,0,,CANADAIR,RJ,0,,COMAIR,,,,,,,,,,,,,,,
J2006065,2006-09-29,,WAAS,,WAAS,,,,BR,,,,,,154,0,,0,,BOEING,737-800,0,,GOL LINHAS AEREAS,,,,,,,,,,,,,,,
J2006068,2006-10-10,,WAAS,,WAAS,,,,NO,,,,,,4,6,,6,,BRITISH,AEROSPACE,0,,ATLANTIC AIRWAYS (FAROE ISLANDS),,,,,,,,,,,,,,,
J2006078,2006-10-29,,WAAS,,WAAS,,,,NG,,,,,,96,8,,1,,BOEING,737-200,,,ADC AIRLINES,,,,,,,,,,,,,,,
J2007001,2007-01-01,,WAAS,,WAAS,,,,ID,,,,,,102,0,,0,,BOEING,737-400,0,,ADAM AIR,,,,,,,,,,,,,,,
J2007017,2007-03-07,,WAAS,,WAAS,,,,ID,,,,,,21,12,,107,,BOEING,737-400,0,,GARUDA INDONESIA,,,,,,,,,,,,,,,
J2007030,2007-05-05,,WAAS,,WAAS,,,,CM,,,,,,114,0,,0,,BOEING,737-800,0,,KENYA AIRWAYS,,,,,,,,,,,,,,,
J2007044,2007-06-28,,WAAS,,WAAS,,,,AO,,,,,,5,0,,80,,BOEING,737-200,,,TAAG - ANGOLA AIRLINES,,,,,,,,,,,,,,,
J2007050,2007-07-17,,WAAS,,WAAS,,,,BR,,,,,,187,0,,0,,AIRBUS,A320-230,0,,TAM LINHAS AEREAS,,,,,,,,,,,,,,,
J2007065,2007-09-16,,WAAS,,WAAS,,,,TH,,,,,,90,40,,0,,DOUGLAS,MD-82,2,,ONE-TWO-GO,,,,,,,,,,,,,,,
J2007085,2007-11-30,,WAAS,,WAAS,,,,TR,,,,,,57,0,,0,,DOUGLAS,MD-83,3,,ATLASJET AIRLINES,,,,,,,,,,,,,,,
J2008024,2008-04-15,,WAAS,,WAAS,,,,CD,,,,,,15,58,,13,,DOUGLAS,DC-9-51,1,,HEWA BORA AIRWAYS,,,,,,,,,,,,,,,
J2008036,2008-05-30,,WAAS,,WAAS,,,,HN,,,,,,3,60,,72,,AIRBUS,A320-230,0,,TACA INTERNATIONAL AIRLINES,,,,,,,,,,,,,,,
J2008037,2008-06-10,,WAAS,,WAAS,,,,SD,,,,,,30,0,,184,,AIRBUS,A310-320,0,,SUDAN AIRWAYS,,,,,,,,,,,,,,,
J2008063,2008-08-20,,WAAS,,WAAS,,,,ES,,,,,,154,18,,0,,DOUGLAS,MD-82,2,,SPANAIR,,,,,,,,,,,,,,,
J2008064,2008-08-24,,WAAS,,WAAS,,,,KG,,,,,,65,0,,25,,BOEING,737-200,,,ITEK AIR,,,,,,,,,,,,,,,
J2008071,2008-09-14,,WAAS,,WAAS,,,,RU,,,,,,88,0,,0,,BOEING,737-500,0,,AEROFLOT-NORD,,,,,,,,,,,,,,,
J2009012,2009-02-25,,WAAS,,WAAS,,,,NL,,,,,,9,28,,97,,BOEING,737-800,0,,TURKISH AIRLINES (THY),,,,,,,,,,,,,,,
J2009031,2009-06-01,,WAAS,,WAAS,,,,BR,,,,,,228,0,,0,,AIRBUS,A330-200,0,,AIR FRANCE,,,,,,,,,,,,,,,
J2009089,2009-06-30,,WAAS,,WAAS,,,,KM,,,,,,152,1,,0,,AIRBUS,A310-320,0,,YEMENIA,,,,,,,,,,,,,,,
J2009129,2009-11-12,,WAAS,,WAAS,,,,RW,,,,,,1,2,,12,,CANADAIR,RJ,0,,RWANDAIR,,,,,,,,,,,,,,,
J2010007,2010-01-25,,WAAS,,WAAS,,,,LB,,,,,,90,0,,0,,BOEING,737-800,0,,ETHIOPIAN AIRLINES,,,,,,,,,,,,,,,
J2010043,2010-05-12,,WAAS,,WAAS,,,,LY,,,,,,103,1,,0,,AIRBUS,A330-200,0,,AFRIQIYAH AIRWAYS,,,,,,,,,,,,,,,
J2010045,2010-05-22,,WAAS,,WAAS,,,,IN,,,,,,158,3,,5,,BOEING,737-800,0,,AIR INDIA EXPRESS,,,,,,,,,,,,,,,
J2010059,2010-07-28,,WAAS,,WAAS,,,,PK,,,,,,152,0,,0,,AIRBUS,A321-230,0,,AIRBLUE,,,,,,,,,,,,,,,
J2010067,2010-08-16,,WAAS,,WAAS,,,,CO,,,,,,2,12,,117,,BOEING,737-700,0,,AIRES COLOMBIA,,,,,,,,,,,,,,,
J2010071,2010-08-24,,WAAS,,WAAS,,,,CN,,,,,,42,18,,36,,EMBRAER,190,,,HENAN AIRLINES,,,,,,,,,,,,,,,
J2011001,2011-01-09,,WAAS,,WAAS,,,,IR,,,,,,78,27,,0,,BOEING,727-200,,,IRAN AIR,,,,,,,,,,,,,,,
J2011015,2011-04-04,,WAAS,,WAAS,,,,CD,,,,,,32,1,,0,,CANADAIR,RJ,0,,AIRZENA - GEORGIAN AIRWAYS,,,,,,,,,,,,,,,
J2011038,2011-07-08,,WAAS,,WAAS,,,,CD,,,,,,83,0,,35,,BOEING,727-100,0,,HEWA BORA AIRWAYS,,,,,,,,,,,,,,,
J2011045,2011-08-20,,WAAS,,WAAS,,,,CA,,,,,,12,3,,0,,BOEING,737-200,,,FIRST AIR,,,,,,,,,,,,,,,
J2012014,2012-04-20,,WAAS,,WAAS,,,,PK,,,,,,127,0,,0,,BOEING,737-200,,,BHOJA AIR,,,,,,,,,,,,,,,
J20120195,2012-12-25,,WAAS,,WAAS,,,,MM,,,,,,1,9,,61,,FOKKER,100,0,,AIR BAGAN,,,,,,,,,,,,,,,
J2012025,2012-06-03,,WAAS,,WAAS,,,,NG,,,,,,153,0,,0,,DOUGLAS,MD-83,3,,DANA AIR,,,,,,,,,,,,,,,
J20130001,2013-01-29,,WAAS,,WAAS,,,,KZ,,,,,,21,0,,0,,CANADAIR,RJ,,,SCAT,,,,,,,,,,,,,,,
J20130030,2013-07-06,,WAAS,,WAAS,,,,US,,,,,,3,47,,257,,BOEING,777-200ER,,,ASIANA AIRLINES,,,,,,,,,,,,,,,
J20130055,2013-11-17,,WAAS,,WAAS,,,,RU,,,,,,50,0,,0,,BOEING,737-500,0,,TATARSTAN AIR,,,,,,,,,,,,,,,
J20130058,2013-11-29,,WAAS,,WAAS,,,,NA,,,,,,33,0,,0,,EMBRAER,190,,,LINHAS AEREAS DE MOCAMBIQUE,,,,,,,,,,,,,,,
J20140018,2014-03-08,,WAAS,,WAAS,,,,"MISSING,  SOUTHERN INDIAN OCEAN, 00",,,,,,239,0,,0,,BOEING,777-200ER,,,MALAYSIA AIRLINES,,,,,,,,,,,,,,,
J20140054,2014-06-24,,WAAS,,WAAS,,,,PK,,,,,,1,1,,188,,AIRBUS,A310-320,0,,PAKISTAN INTERNATIONAL AIRLINES,,,,,,,,,,,,,,,
J20140061,2014-07-17,,WAAS,,WAAS,,,,UA,,,,,,298,0,,0,,BOEING,777-200ER,,,MALAYSIA AIRLINES,,,,,,,,,,,,,,,
J20140069,2014-07-24,,WAAS,,WAAS,,,,ML,,,,,,116,0,,0,,DOUGLAS,MD-83,3,,AIR ALGERIE,,,,,,,,,,,,,,,
J20140107,2014-12-28,,WAAS,,WAAS,,,,ID,,,,,,162,0,,0,,AIRBUS,A320-210,0,,INDONESIA AIRASIA,,,,,,,,,,,,,,,
J20150010,2015-03-24,,WAAS,,WAAS,,,,FR,,,,,,150,0,,0,,AIRBUS,A320-210,0,,GERMANWINGS,,,,,,,,,,,,,,,
J20150058,2015-10-31,,WAAS,,WAAS,,,,EG,,,,,,224,0,,0,,AIRBUS,A321-230,0,,METROJET,,,,,,,,,,,,,,,
J20160003,2016-02-02,,WAAS,,WAAS,,,,SO,,,,,,1,1,,79,,AIRBUS,A321-110,0,,DAALLO AIRLINES,,,,,,,,,,,,,,,
J20160014,2016-03-19,,WAAS,,WAAS,,,,RU,,,,,,62,0,,0,,BOEING,737-800,0,,FLYDUBAI,,,,,,,,,,,,,,,
J20160029,2016-05-19,,WAAS,,WAAS,,,,EG,,,,,,66,0,,0,,AIRBUS,A320-230,0,,EGYPTAIR,,,,,,,,,,,,,,,
S1990001,1990-01-13,,WAAS,,WAAS,,,,SU,,,,,,27,31,,13,,TUPOLEV,TU-134A,,,AEROFLOT - PRIVOLZHSKOYE DIRECTORATE,,,,,,,,,,,,,,,
S1990002,1990-03-23,,WAAS,,WAAS,,,,CU,,,,,,4,17,,25,,ANTONOV,AN-26,6,,CUBANA,,,,,,,,,,,,,,,
S1990006,1990-08-01,,WAAS,,WAAS,,,,SU,,,,,,30,0,,0,,YAKOVLEV,YAK-40,0,,AEROFLOT - AZERBAIJAN DIRECTORATE,,,,,,,,,,,,,,,
S1990007,1990-10-24,,WAAS,,WAAS,,,,CU,,,,,,13,10,,8,,YAKOVLEV,YAK-40,0,,CUBANA,,,,,,,,,,,,,,,
S1990008,1990-09-13,,WAAS,,WAAS,,,,SU,,,,,,4,31,,94,,YAKOVLEV,YAK-42,2,,AEROFLOT - SVERDLOVSK DIRECTORATE?,,,,,,,,,,,,,,,
S19900134,1990-07-12,,WAAS,,WAAS,,,,VC,,,,,,2,0,,0,,PBN,BN-2A,,,EAGLE AIR SERVICE,,,,,,,,,,,,,,,
S19900196,1990-07-05,,WAAS,,WAAS,,,,PG,,,,,,8,0,,4,,PBN,BN-2B,,,DOUGLAS AIRWAYS,,,,,,,,,,,,,,,
S1990034,1990-01-26,,WAAS,,WAAS,,,,MN,,,,,,30,0,,0,,ANTONOV,AN-24RV,,,MONGOLIAN AIRLINES,,,,,,,,,,,,,,,
S1990052,1990-02-28,,WAAS,,WAAS,,,,PE,,,,,,2,0,,0,,PIPER,PA-31T,,,AERO SAN MARTIN,,,,,,,,,,,,,,,
S1990062,1990-09-11,,WAAS,,WAAS,,,,GL,,,,,,8,0,,0,,CESSNA,441,,,NUNA AIR A/S,,,,,,,,,,,,,,,
S1990070,1990-11-22,,WAAS,,WAAS,,,,AT,,,,,,3,0,,0,,BEECH,200,,,GSW CHARTERFLUG GMBH,,,,,,,,,,,,,,,
S1991004,1991-03-23,,WAAS,,WAAS,,,,SU,,,,,,34,29,,0,,ANTONOV,AN-24B,,,AEROFLOT - UZBEK DIRECTORATE?,,,,,,,,,,,,,,,
S1991005,1991-05-23,,WAAS,,WAAS,,,,SU,,,,,,13,39,,129,,TUPOLEV,TU-154B,,,AEROFLOT - LENINGRAD DIRECTORATE,,,,,,,,,,,,,,,
S1991006,1991-11-07,,WAAS,,WAAS,,,,SU,,,,,,51,0,,0,,YAKOVLEV,YAK-40,0,,AEROFLOT,,,,,,,,,,,,,,,
S1991011,1991-11-26,,WAAS,,WAAS,,,,SU,,,,,,41,0,,0,,ANTONOV,AN-24,4,,AEROFLOT,,,,,,,,,,,,,,,
S19910173,1991-08-06,,WAAS,,WAAS,,,,CK,,,,,,6,0,,4,,PBN,BN-2A,,,AVALKI AIR,,,,,,,,,,,,,,,
S19910174,1991-08-20,,WAAS,,WAAS,,,,US,,,,,,4,0,,0,,PBN,BN-2A,,,TEMSCO HELICOPTERS INC.,,,,,,,,,,,,,,,
S19910175,1991-09-03,,WAAS,,WAAS,,,,ID,,,,,,3,7,,0,,PBN,BN-2A,,,DIRGANTARA AIR SERVICE,,,,,,,,,,,,,,,
S19910176,1991-10-25,,WAAS,,WAAS,,,,ID,,,,,,17,0,,0,,PBN,BN-2A-III,,,BALI INTERNATIONAL AIR SERVICE,,,,,,,,,,,,,,,
S19910182,1991-07-25,,WAAS,,WAAS,,,,VU,,,,,,9,0,,0,,PBN,BN-2A,,,VANAIR,,,,,,,,,,,,,,,
S19910190,1991-05-05,,WAAS,,WAAS,,,,SD,,,,,,8,0,,0,,CESSNA,404,,,NILE SAFARIS AVIATION,,,,,,,,,,,,,,,
S1991044,1991-10-11,,WAAS,,WAAS,,,,PE,,,,,,4,0,,0,,BEECH,A90,,,AERO CONDOR SA,,,,,,,,,,,,,,,
S1991060,1991-10-27,,WAAS,,WAAS,,,,EC,,,,,,7,0,,0,,COMMANDER,690C,,,TAE-TRANSPORTES AEREO EJECTIVO,,,,,,,,,,,,,,,
S1992006,1992-11-14,,WAAS,,WAAS,,,,VN,,,,,,30,1,,0,,YAKOVLEV,YAK-40,0,,VIETNAM AIRLINES,,,,,,,,,,,,,,,
S1992010,1992-07-31,,WAAS,,WAAS,,,,CN,,,,,,107,19,,0,,YAKOVLEV,YAK-42,2,,CHINA GENERAL AVIATION,,,,,,,,,,,,,,,
S1992011,1992-11-15,,WAAS,,WAAS,,,,DO,,,,,,34,0,,0,,ILYUSHIN,IL-18,8,,AEROCARIBBEAN,,,,,,,,,,,,,,,
S19920155,1992-12-15,,WAAS,,WAAS,,,,PG,,,,,,6,0,,0,,PBN,BN-2A,,,MILNE BAY AIR,,,,,,,,,,,,,,,
S19920171,1992-12-09,,WAAS,,WAAS,,,,MX,,,,,,9,0,,0,,PBN,BN-2B,,,AERO SUD PACIFICO,,,,,,,,,,,,,,,
S1992019,1992-08-27,,WAAS,,WAAS,,,,RU,,,,,,84,0,,0,,TUPOLEV,TU-134A,,,AEROFLOT - CENTRAL REGIONS DIRECTORATE,,,,,,,,,,,,,,,
S1992020,1992-10-19,,WAAS,,WAAS,,,,RU,,,,,,15,1,,0,,ANTONOV,"ANTONOV (WSK-PZL MIELEC) AN-28
8",8,,SYKTYVKAR AVIA,,,,,,,,,,,,,,,
S19920220,1992-04-10,,WAAS,,WAAS,,,,TW,,,,,,7,0,,3,,PBN,BN-2A,,,TAIWAN AIRLINES,,,,,,,,,,,,,,,
S1992031,1992-04-04,,WAAS,,WAAS,,,,RU,,,,,,1,10,,1,,LET,410UVP,,,AEROFLOT,,,,,,,,,,,,,,,
S1992064,1992-10-31,,WAAS,,WAAS,,,,US,,,,,,3,0,,0,,PIPER,PA-42,,,ALPINE AVIATION,,,,,,,,,,,,,,,
S1993006,1993-06-17,,WAAS,,WAAS,,,,GE,,,,,,33,0,,0,,ANTONOV,AN-26,6,,TAJIK AIR,,,,,,,,,,,,,,,
S1993008,1993-04-23,,WAAS,,WAAS,,,,MN,,,,,,40,0,,0,,ANTONOV,AN-26,6,,MIAT,,,,,,,,,,,,,,,
S1993010,1993-02-08,,WAAS,,WAAS,,,,IR,,,,,,132,0,,0,,TUPOLEV,TU-154M,,,IRAN AIR TOURS,,,,,,,,,,,,,,,
S1993012,1993-08-26,,WAAS,,WAAS,,,,RU,,,,,,24,0,,0,,LET,410UVP,,,SAKHALIN AIRLINES - SAT,,,,,,,,,,,,,,,
S1993013,1993-08-27,,WAAS,,WAAS,,,,TJ,,,,,,82,4,,0,,YAKOVLEV,YAK-40,0,,TAJIK AIR,,,,,,,,,,,,,,,
S1993015,1993-09-21,,WAAS,,WAAS,,,,GE,,,,,,27,0,,0,,TUPOLEV,TU-134A,,,TRANSAIR GEORGIA,,,,,,,,,,,,,,,
S1993016,1993-09-22,,WAAS,,WAAS,,,,GE,,,,,,108,0,,24,,TUPOLEV,TU-154B,,,TRANSAIR GEORGIA,,,,,,,,,,,,,,,
S19930232,1993-06-09,,WAAS,,WAAS,,,,PG,,,,,,9,1,,1,,PBN,BN-2A,,,SOUTH WEST AIR,,,,,,,,,,,,,,,
S19930233,1993-10-13,,WAAS,,WAAS,,,,PG,,,,,,4,0,,0,,PBN,BN-2A,,,ISLAND AIRWAYS PTY LTD.,,,,,,,,,,,,,,,
S19930234,1993-12-03,,WAAS,,WAAS,,,,CA,,,,,,7,0,,0,,PBN,BN-2A,,,ARCTIC WINGS AND ROTORS LTD,,,,,,,,,,,,,,,
S1993027,1993-11-20,,WAAS,,WAAS,,,,MK,,,,,,116,0,,0,,YAKOVLEV,YAK-42,2,,AVIOIMPEX MAKEDONIJA AIRWAYS,,,,,,,,,,,,,,,
S1993037,1993-12-13,,WAAS,,WAAS,,,,LA,,,,,,18,0,,0,,HARBIN,Y-12-II,,,LAO AVIATION,,,,,,,,,,,,,,,
S1993090,1993-02-07,,WAAS,,WAAS,,,,BR,,,,,,6,0,,0,,BEECH,100,,,TAXI AEREO FLORIANOPOLIS LTDA,,,,,,,,,,,,,,,
S1993091,1993-03-18,,WAAS,,WAAS,,,,PE,,,,,,4,0,,0,,BEECH,E90,,,AERO TAXI IQUITOS,,,,,,,,,,,,,,,
S1993108,1993-03-19,,WAAS,,WAAS,,,,NO,,,,,,3,3,,4,,BEECH,200,,,WEST AVIATION,,,,,,,,,,,,,,,
S1993121,1993-06-24,,WAAS,,WAAS,,,,CO,,,,,,3,0,,0,,PILATUS,PC6B2,,,SATENA,,,,,,,,,,,,,,,
S1994001,1994-01-03,,WAAS,,WAAS,,,,RU,,,,,,124,0,,0,,TUPOLEV,TU-154M,,,BAIKALAVIA,,,,,,,,,,,,,,,
S1994003,1994-02-25,,WAAS,,WAAS,,,,PE,,,,,,31,0,,0,,YAKOVLEV,YAK-40,0,,EXPRESSO AEREO,,,,,,,,,,,,,,,
S1994010,1994-06-06,,WAAS,,WAAS,,,,CN,,,,,,160,0,,0,,TUPOLEV,TU-154M,,,CHINA NORTHWEST AIRLINES,,,,,,,,,,,,,,,
S19940194,1994-04-25,,WAAS,,WAAS,,,,ID,,,,,,10,1,,0,,PBN,BN-2A,,,SMAC,,,,,,,,,,,,,,,
S19940196,1994-05-23,,WAAS,,WAAS,,,,CO,,,,,,4,7,,0,,PBN,BN-2B,,,ARALL COLOMBIA LTDA,,,,,,,,,,,,,,,
S19940197,1994-07-17,,WAAS,,WAAS,,,,MQ,,,,,,6,0,,0,,PBN,BN-2B,,,TIA HOLDINGS LTD,,,,,,,,,,,,,,,
S19940198,1994-11-22,,WAAS,,WAAS,,,,PG,,,,,,7,0,,0,,PBN,BN-2A,,,SOUTHWEST AIR PTY,,,,,,,,,,,,,,,
S1994032,1994-09-26,,WAAS,,WAAS,,,,RU,,,,,,28,0,,0,,YAKOVLEV,YAK-40,0,,CHEREMSHANKA AIRLINES,,,,,,,,,,,,,,,
S1994037,1994-10-27,,WAAS,,WAAS,,,,RU,,,,,,1,0,,26,,YAKOVLEV,YAK-40,0,,DONAVIA,,,,,,,,,,,,,,,
S1994044,1994-11-05,,WAAS,,WAAS,,,,PE,,,,,,6,0,,24,,YAKOVLEV,YAK-40,0,,SERVICIOS AEREOS AMAZONICAS,,,,,,,,,,,,,,,
S1994058,1994-04-29,,WAAS,,WAAS,,,,CO,,,,,,8,1,,0,,CESSNA,208,,,LINEAS AEREAS DE LOS LIBERTADORES,,,,,,,,,,,,,,,
S1994078,1994-01-24,,WAAS,,WAAS,,,,CH,,,,,,5,0,,0,,CESSNA,425,,,AERO WEST,,,,,,,,,,,,,,,
S1994085,1994-09-15,,WAAS,,WAAS,,,,CO,,,,,,6,0,,0,,COMMANDER,680T,,,JIMENEZ ALFONSO MEJIA,,,,,,,,,,,,,,,
S1994088,1994-10-02,,WAAS,,WAAS,,,,AU,,,,,,9,0,,0,,COMMANDER,690B,,,SEAVIEW AIR,,,,,,,,,,,,,,,
S1994096,1994-10-19,,WAAS,,WAAS,,,,FR,,,,,,7,0,,0,,BEECH,C90A,,,MONO MAX AVIATION,,,,,,,,,,,,,,,
S1995003,1995-01-20,,WAAS,,WAAS,,,,RU,,,,,,3,11,,5,,LET,410UVP,,,ABAKAN AVIA,,,,,,,,,,,,,,,
S19950129,1995-12-22,,WAAS,,WAAS,,,,PG,,,,,,2,0,,10,,PBN,BN-2A,,,ISLAND AIRWAYS PTY LTD.,,,,,,,,,,,,,,,
S1995015,1995-06-24,,WAAS,,WAAS,,,,NG,,,,,,16,0,,64,,TUPOLEV,TU-134A,,,HARKA AIR,,,,,,,,,,,,,,,
S19950164,1995-07-25,,WAAS,,WAAS,,,,PG,,,,,,2,0,,0,,PBN,BN-2A,,,TRANSNIUGINI AIRLINES PTY. LTD.,,,,,,,,,,,,,,,
S1995024,1995-09-21,,WAAS,,WAAS,,,,MN,,,,,,41,1,,0,,ANTONOV,AN-24RV,,,MIAT,,,,,,,,,,,,,,,
S1995029,1995-12-05,,WAAS,,WAAS,,,,AZ,,,,,,52,28,,2,,TUPOLEV,TU-134,4,,AZERBAIJAN AIRLINES,,,,,,,,,,,,,,,
S1995030,1995-12-07,,WAAS,,WAAS,,,,RU,,,,,,98,0,,0,,TUPOLEV,TU-154B,,,FAR EAST AVIATION CORPORATION,,,,,,,,,,,,,,,
S1995031,1995-12-13,,WAAS,,WAAS,,,,IT,,,,,,49,0,,0,,ANTONOV,AN-24B,,,BANAT AIR TRANSPORT,,,,,,,,,,,,,,,
S1995052,1995-10-31,,WAAS,,WAAS,,,,MX,,,,,,9,2,,0,,CESSNA,208B,,,TACSA - TRANSPORTES AEREOS DE COAHILA,,,,,,,,,,,,,,,
S1995066,1995-09-27,,WAAS,,WAAS,,,,CA,,,,,,8,2,,0,,,DHC-3 TURBO OTTER,,,WESTERN STRAITS AIR (GYNN BAY LOGGING LTD DBA),,,,,,,,,,,,,,,
S1995078,1995-01-28,,WAAS,,WAAS,,,,AO,,,,,,2,4,,0,,BEECH,200,,,AVIACAO LIGEIRA,,,,,,,,,,,,,,,
S1995079,1995-10-21,,WAAS,,WAAS,,,,ZA,,,,,,5,0,,0,,BEECH,200,,,BALMORAL AIR SERVICE,,,,,,,,,,,,,,,
S1995125,1995-09-11,,WAAS,,WAAS,,,,AF,,,,,,3,0,,48,,ANTONOV,AN-26,6,,ARIANA AFGHAN AIRLINES,,,,,,,,,,,,,,,
S1996008,1996-05-03,,WAAS,,WAAS,,,,SD,,,,,,53,0,,0,,ANTONOV,AN-24RV,,,FEDERAL AIRLINES,,,,,,,,,,,,,,,
S1996013,1996-07-11,,WAAS,,WAAS,,,,IN,,,,,,9,0,,0,,LET,410UVP,,,ARCHANA AIRWAYS,,,,,,,,,,,,,,,
S1996016,1996-08-29,,WAAS,,WAAS,,,,NO,,,,,,141,0,,0,,TUPOLEV,TU-154M,,,VNUKOVO AIRLINES,,,,,,,,,,,,,,,
S1996019,1996-10-26,,WAAS,,WAAS,,,,RU,,,,,,5,6,,23,,YAKOVLEV,YAK-40K,,,TYUMENAVIATRANS,,,,,,,,,,,,,,,
S19960190,1996-01-08,,WAAS,,WAAS,,,,BB,,,,,,1,0,,9,,PBN,BN-2A,,,MUSTIQUE AIRWAYS LTD.,,,,,,,,,,,,,,,
S19960193,1996-05-11,,WAAS,,WAAS,,,,PG,,,,,,1,2,,7,,PBN,BN-2A,,,MILNE BAY AIR,,,,,,,,,,,,,,,
S19960207,1996-06-21,,WAAS,,WAAS,,,,CN,,,,,,2,2,,8,,HARBIN,Y-12-II,,,CHINA FLYING DRAGON GENERAL AVIATION CO,,,,,,,,,,,,,,,
S1996044,1996-05-12,,WAAS,,WAAS,,,,AT,,,,,,4,0,,0,,BEECH,300LW,,,AIRLINK LUFTVERKEHRS,,,,,,,,,,,,,,,
S1996052,1996-01-29,,WAAS,,WAAS,,,,NZ,,,,,,5,1,,0,,CESSNA,208,,,SOUNDSAIR LTD,,,,,,,,,,,,,,,
S1996055,1996-08-18,,WAAS,,WAAS,,,,CA,,,,,,3,0,,0,,,DHC-3 TURBO OTTER,,,HARBOUR AIR,,,,,,,,,,,,,,,
S1996056,1996-01-15,,WAAS,,WAAS,,,,PE,,,,,,5,0,,0,,PIPER,PA-31T,,,SERVICIOS AEREOS AQP SA,,,,,,,,,,,,,,,
S1996099,1996-08-11,,WAAS,,WAAS,,,,US,,,,,,2,0,,0,,MCKINNON,G21G,,,PENAIR,,,,,,,,,,,,,,,
S1996127,1996-01-15,,WAAS,,WAAS,,,,US,,,,,,8,0,,0,,MITSUBISHI,MU-2B-36A,,,PRO AIR SERVICES,,,,,,,,,,,,,,,
S1997005,1997-03-18,,WAAS,,WAAS,,,,RU,,,,,,50,0,,0,,ANTONOV,AN-24RV,,,STAVROPOL AVIATION,,,,,,,,,,,,,,,
S1997012,1997-06-10,,WAAS,,WAAS,,,,MN,,,,,,7,3,,2,,HARBIN,Y-12-II,,,MONGOLIAN AIRLINES,,,,,,,,,,,,,,,
S1997014,1997-07-11,,WAAS,,WAAS,,,,CU,,,,,,44,0,,0,,ANTONOV,AN-24RV,,,CUBANA,,,,,,,,,,,,,,,
S1997015,1997-09-03,,WAAS,,WAAS,,,,KH,,,,,,65,1,,0,,TUPOLEV,TU-134,4,,VIETNAM AIRLINES,,,,,,,,,,,,,,,
S19970150,1997-12-31,,WAAS,,WAAS,,,,PA,,,,,,10,0,,0,,PBN,BN-2A,,,PARSA SA,,,,,,,,,,,,,,,
S1997021,1997-12-16,,WAAS,,WAAS,,,,AE,,,,,,85,1,,0,,TUPOLEV,TU-154B,,,TAJIK AIR,,,,,,,,,,,,,,,
S1997023,1997-12-17,,WAAS,,WAAS,,,,GR,,,,,,74,0,,0,,YAKOVLEV,YAK-42,2,,LVOV AVIATION ENTERPRISES,,,,,,,,,,,,,,,
S1997024,1997-10-29,,WAAS,,WAAS,,,,AF,,,,,,2,0,,24,,YAKOVLEV,YAK-40,0,,ARIANA AFGHAN AIRLINES,,,,,,,,,,,,,,,
S1997034,1997-11-08,,WAAS,,WAAS,,,,US,,,,,,8,0,,0,,CESSNA,208B,,,HAGELAND AVIATION SERVICES INC.,,,,,,,,,,,,,,,
S1997035,1997-04-10,,WAAS,,WAAS,,,,US,,,,,,5,0,,0,,CESSNA,208B,,,HAGELAND AVIATION SERVICES INC.,,,,,,,,,,,,,,,
S1997036,1997-10-08,,WAAS,,WAAS,,,,US,,,,,,9,0,,0,,CESSNA,208B,,,SCENIC AIRLINES INC.,,,,,,,,,,,,,,,
S1997052,1997-12-21,,WAAS,,WAAS,,,,US,,,,,,2,1,,0,,BEECH,A100,,,AVIATION CHARTER INC.,,,,,,,,,,,,,,,
S1997075,1997-10-09,,WAAS,,WAAS,,,,GM,,,,,,8,1,,0,,BEECH,200,,,NAYSA AEROTAXIS,,,,,,,,,,,,,,,
S1997082,1997-08-29,,WAAS,,WAAS,,,,CO,,,,,,9,0,,0,,PILATUS,PC6B2,,,SATENA,,,,,,,,,,,,,,,
S1998009,1998-05-26,,WAAS,,WAAS,,,,MN,,,,,,28,0,,0,,HARBIN,Y-12-II,,,MONGOLIAN AIRLINES,,,,,,,,,,,,,,,
S1998015,1998-08-29,,WAAS,,WAAS,,,,EC,,,,,,72,10,,8,,TUPOLEV,TU-154M,,,CUBANA,,,,,,,,,,,,,,,
S1998016,1998-09-29,,WAAS,,WAAS,,,,LK,,,,,,55,0,,0,,ANTONOV,AN-24RV,,,LIONAIR,,,,,,,,,,,,,,,
S19980203,1998-12-07,,WAAS,,WAAS,,,,CA,,,,,,7,3,,0,,PBN,BN-2A,,,AIR SATELLITE,,,,,,,,,,,,,,,
S1998035,1998-09-02,,WAAS,,WAAS,,,,AO,,,,,,24,0,,0,,ANTONOV,AN-26,6,,PERMTRANSAVIA-PM,,,,,,,,,,,,,,,
S1998075,1998-06-26,,WAAS,,WAAS,,,,CI,,,,,,7,0,,0,,BEECH,200,,,FEDERAL AVIATION,,,,,,,,,,,,,,,
S1998083,1998-11-06,,WAAS,,WAAS,,,,KE,,,,,,3,0,,0,,BEECH,200,,,TAWAKEL AIRLINES,,,,,,,,,,,,,,,
S1999002,1999-02-24,,WAAS,,WAAS,,,,CN,,,,,,61,0,,0,,TUPOLEV,TU-154M,,,CHINA SOUTHWEST AIRLINES,,,,,,,,,,,,,,,
S1999014,1999-08-26,,WAAS,,WAAS,,,,UZ,,,,,,2,0,,31,,YAKOVLEV,YAK-40,0,,UZBEKISTAN AIRWAYS,,,,,,,,,,,,,,,
S1999019,1999-12-07,,WAAS,,WAAS,,,,PH,,,,,,17,0,,0,,LET,410UVP,,,ASIAN SPIRIT,,,,,,,,,,,,,,,
S1999020,1999-12-25,,WAAS,,WAAS,,,,VE,,,,,,22,0,,0,,YAKOVLEV,YAK-42,2,,CUBANA,,,,,,,,,,,,,,,
S19990207,1999-01-16,,WAAS,,WAAS,,,,AU,,,,,,3,1,,0,,PBN,BN-2A,,,UZU AIR PTY,,,,,,,,,,,,,,,
S19990208,1999-02-03,,WAAS,,WAAS,,,,PG,,,,,,11,0,,0,,PBN,BN-2A,,,AIRLINK,,,,,,,,,,,,,,,
S1999029,1999-07-20,,WAAS,,WAAS,,,,NI,,,,,,16,0,,0,,CESSNA,208B,,,LA COSTENA SA,,,,,,,,,,,,,,,
S1999041,1999-01-17,,WAAS,,WAAS,,,,NP,,,,,,4,6,,2,,CESSNA,208,,,NECON AIR,,,,,,,,,,,,,,,
S1999059,1999-06-25,,WAAS,,WAAS,,,,US,,,,,,2,0,,0,,BEECH,C90,,,AEROCENTER INC,,,,,,,,,,,,,,,
S2000001,2000-01-15,,WAAS,,WAAS,,,,CR,,,,,,5,13,,0,,LET,410UVP,,,TACSA- TAXI AERO CENTROAMERICANO,,,,,,,,,,,,,,,
S2000002,2000-03-09,,WAAS,,WAAS,,,,RU,,,,,,9,0,,0,,YAKOVLEV,YAK-40D,,,VOLOGDA AIR ENTERPRISE,,,,,,,,,,,,,,,
S2000005,2000-04-19,,WAAS,,WAAS,,,,CD,,,,,,24,0,,0,,ANTONOV,AN-8,8,,CENTRAFRICAN AIRLINES,,,,,,,,,,,,,,,
S2000007,2000-03-25,,WAAS,,WAAS,,,,AO,,,,,,3,0,,30,,ANTONOV,AN-32,2,,URALEX,,,,,,,,,,,,,,,
S2000009,2000-06-22,,WAAS,,WAAS,,,,CN,,,,,,42,0,,0,,XIAN,YUN-7-100,0,,WUHAN AIR LINES,,,,,,,,,,,,,,,
S2000015,2000-10-19,,WAAS,,WAAS,,,,LA,,,,,,8,0,,9,,HARBIN,Y-12-II,,,LAO AVIATION,,,,,,,,,,,,,,,
S2000018,2000-10-31,,WAAS,,WAAS,,,,AO,,,,,,44,0,,0,,ANTONOV,AN-26,6,,AIR ANCARGO,,,,,,,,,,,,,,,
S20000195,2000-11-15,,WAAS,,WAAS,,,,AO,,,,,,57,0,,0,,ANTONOV,AN-24RV,,,ASA PESADA,,,,,,,,,,,,,,,
S2000027,2000-08-26,,WAAS,,WAAS,,,,CR,,,,,,10,0,,0,,CESSNA,208B,,,SANSA,,,,,,,,,,,,,,,
S2000034,2000-04-19,,WAAS,,WAAS,,,,CD,,,,,,4,0,,0,,CESSNA,208B,,,GALLOVENTS TEN (PTY) LTD,,,,,,,,,,,,,,,
S2000048,2000-09-18,,WAAS,,WAAS,,,,US,,,,,,5,5,,0,,PIPER,PA-31,0,,CAPE SMYTHE AIR SERVICE,,,,,,,,,,,,,,,
S2000058,2000-03-21,,WAAS,,WAAS,,,,TR,,,,,,1,3,,1,,BEECH,C90A,,,TEPE HAVA CILIK,,,,,,,,,,,,,,,
S2000069,2000-09-04,,WAAS,,WAAS,,,,AU,,,,,,8,0,,0,,BEECH,200,,,CENTRAL AIR PTY LTD.,,,,,,,,,,,,,,,
S2000089,2000-08-12,,WAAS,,WAAS,,,,CD,,,,,,27,0,,0,,ANTONOV,AN-26,6,,SUCCES AIRLINES,,,,,,,,,,,,,,,
S2001006,2001-05-17,,WAAS,,WAAS,,,,IR,,,,,,30,0,,0,,YAKOVLEV,YAK-40,0,,QESHM AIRLINES,,,,,,,,,,,,,,,
S2001009,2001-07-04,,WAAS,,WAAS,,,,RU,,,,,,145,0,,0,,TUPOLEV,TU-154M,,,VLADIVOSTOK AIR,,,,,,,,,,,,,,,
S2001015,2001-08-23,,WAAS,,WAAS,,,,CD,,,,,,7,4,,0,,ANTONOV,"ANTONOV (WSK-PZL MIELEC) AN-28
8",8,,AGEFRECO AIR,,,,,,,,,,,,,,,
S2001018,2001-09-12,,WAAS,,WAAS,,,,MX,,,,,,19,0,,0,,LET,410UVP,,,AEROFERINCO,,,,,,,,,,,,,,,
S2001022,2001-09-18,,WAAS,,WAAS,,,,GT,,,,,,9,4,,0,,LET,410UVP,,,ATLANTIC AIRLINES (NICARAGUA),,,,,,,,,,,,,,,
S2001023,2001-10-04,,WAAS,,WAAS,,,,RU,,,,,,78,0,,0,,TUPOLEV,TU-154M,,,SIBIR AIRLINES,,,,,,,,,,,,,,,
S20010242,2001-12-26,,WAAS,,WAAS,,,,DE,,,,,,8,1,,0,,PBN,BN-2B,,,BAL BREMERHAVEN AIRLINE,,,,,,,,,,,,,,,
S2001026,2001-11-19,,WAAS,,WAAS,,,,RU,,,,,,27,0,,0,,ILYUSHIN,IL-18,8,,IRS AERO,,,,,,,,,,,,,,,
S2001027,2001-11-23,,WAAS,,WAAS,,,,EE,,,,,,2,1,,14,,ANTONOV,"ANTONOV (WSK-PZL MIELEC) AN-28
8",8,,ENIMEX,,,,,,,,,,,,,,,
S2001030,2001-12-16,,WAAS,,WAAS,,,,CO,,,,,,16,0,,0,,LET,410UVP,,,HELIANDES LTDA,,,,,,,,,,,,,,,
S2001031,2001-12-14,,WAAS,,WAAS,,,,CD,,,,,,6,0,,0,,LET,410A,,,EAGLE AIR,,,,,,,,,,,,,,,
S2001042,2001-11-28,,WAAS,,WAAS,,,,CR,,,,,,3,5,,0,,CESSNA,208B,,,SANSA,,,,,,,,,,,,,,,
S2001057,2001-10-10,,WAAS,,WAAS,,,,US,,,,,,10,0,,0,,CESSNA,208,,,PENAIR,,,,,,,,,,,,,,,
S2002003,2002-02-12,,WAAS,,WAAS,,,,IR,,,,,,117,0,,0,,TUPOLEV,TU-154M,,,IRAN AIR TOURS,,,,,,,,,,,,,,,
S2002016,2002-07-01,,WAAS,,WAAS,,,,DE,,,,,,69,0,,0,,TUPOLEV,TU-154M,,,BASHKIRIAN AIRLINES,,,,,,,,,,,,,,,
S20020197,2002-12-14,,WAAS,,WAAS,,,,PG,,,,,,8,0,,0,,PBN,BN-2A,,,ISLAND AIRWAYS PTY LTD.,,,,,,,,,,,,,,,
S2002023,2002-08-29,,WAAS,,WAAS,,,,RU,,,,,,16,0,,0,,ANTONOV,"ANTONOV (WSK-PZL MIELEC) AN-28
8",8,,VOSTOK AIRLINES,,,,,,,,,,,,,,,
S20020238,2002-07-16,,WAAS,,WAAS,,,,ID,,,,,,9,1,,0,,PBN,BN-2A,,,SABANG MERAUKE RAYA AIR CHARTER,,,,,,,,,,,,,,,
S20020239,2002-11-07,,WAAS,,WAAS,,,,ID,,,,,,7,3,,0,,PBN,BN-2A,,,DIRGANTARA AIR SERVICE,,,,,,,,,,,,,,,
S2002034,2002-12-23,,WAAS,,WAAS,,,,IR,,,,,,44,0,,0,,ANTONOV,AN-140,0,,AEROMOST - KHARKOV AIRLINES,,,,,,,,,,,,,,,
S2002035,2002-12-27,,WAAS,,WAAS,,,,KM,,,,,,1,12,,3,,LET,410UVP,,,OCEAN AIRLINES,,,,,,,,,,,,,,,
S2002063,2002-10-25,,WAAS,,WAAS,,,,US,,,,,,8,0,,0,,BEECH,A100,,,AVIATION CHARTER INC,,,,,,,,,,,,,,,
S2003009,2003-05-26,,WAAS,,WAAS,,,,TR,,,,,,75,0,,0,,YAKOVLEV,YAK-42,2,,UM AIR,,,,,,,,,,,,,,,
S2003019,2003-08-24,,WAAS,,WAAS,,,,HT,,,,,,21,0,,0,,LET,410UVP,,,TROPICAL AIRWAYS D'HAITI,,,,,,,,,,,,,,,
S2003050,2003-09-11,,WAAS,,WAAS,,,,CA,,,,,,8,0,,0,,CESSNA,208B,,,WASAYA AIRWAYS,,,,,,,,,,,,,,,
S2003067,2003-12-16,,WAAS,,WAAS,,,,CA,,,,,,2,1,,0,,,DHC-3 TURBO OTTER,,,HURON AIR & OUTFITTERS INC,,,,,,,,,,,,,,,
S2004001,2004-01-13,,WAAS,,WAAS,,,,UZ,,,,,,37,0,,0,,YAKOVLEV,YAK-40,0,,UZBEKISTAN AIRWAYS,,,,,,,,,,,,,,,
S2004016,2004-08-24,,WAAS,,WAAS,,,,RU,,,,,,44,0,,0,,TUPOLEV,TU-134A,,,VOLGA AVIAEXPRESS,,,,,,,,,,,,,,,
S2004017,2004-08-24,,WAAS,,WAAS,,,,RU,,,,,,46,0,,0,,TUPOLEV,TU-154B,,,SIBIR AIRLINES,,,,,,,,,,,,,,,
S2004041,2004-01-17,,WAAS,,WAAS,,,,CA,,,,,,10,0,,0,,CESSNA,208B,,,GEORGIAN EXPRESS,,,,,,,,,,,,,,,
S2005006,2005-03-16,,WAAS,,WAAS,,,,RU,,,,,,28,24,,0,,ANTONOV,AN-24RV,,,REGIONAL AIRLINES,,,,,,,,,,,,,,,
S2005008,2005-03-26,,WAAS,,WAAS,,,,CO,,,,,,8,6,,0,,LET,410UVP,,,WEST CARIBBEAN AIRWAYS,,,,,,,,,,,,,,,
S2005017,2005-06-02,,WAAS,,WAAS,,,,SD,,,,,,7,0,,35,,ANTONOV,AN-24B,,,MARSLAND AVIATION,,,,,,,,,,,,,,,
S2005019,2005-05-25,,WAAS,,WAAS,,,,CD,,,,,,26,0,,0,,ANTONOV,AN-12BP,,,AIR VICTORIA,,,,,,,,,,,,,,,
S2005022,2005-07-16,,WAAS,,WAAS,,,,GQ,,,,,,62,0,,0,,ANTONOV,AN-24B,,,EQUATAIR,,,,,,,,,,,,,,,
S2005034,2005-12-23,,WAAS,,WAAS,,,,AZ,,,,,,23,0,,0,,ANTONOV,AN-140-100,0,,AZERBAIJAN AIRLINES / AZAL AVIA,,,,,,,,,,,,,,,
S2005114,2005-10-04,,WAAS,,WAAS,,,,CD,,,,,,2,11,,0,,ANTONOV,AN-12BP,,,WDA - WIMBI DIRA AIRWAYS,,,,,,,,,,,,,,,
S2006007,2006-03-31,,WAAS,,WAAS,,,,BR,,,,,,19,0,,0,,LET,410UVP,,,TEAM,,,,,,,,,,,,,,,
S2006018,2006-08-03,,WAAS,,WAAS,,,,CD,,,,,,17,0,,0,,ANTONOV,"ANTONOV (WSK-PZL MIELEC) AN-28
8",8,,TRASEPT CONGO,,,,,,,,,,,,,,,
S2006020,2006-08-22,,WAAS,,WAAS,,,,UA,,,,,,170,0,,0,,TUPOLEV,TU-154M,,,PULKOVO AVIATION ENTERPRISE,,,,,,,,,,,,,,,
S2006022,2006-09-01,,WAAS,,WAAS,,,,IR,,,,,,28,30,,102,,TUPOLEV,TU-154M,,,IRAN AIR TOURS,,,,,,,,,,,,,,,
S2006042,2006-03-24,,WAAS,,WAAS,,,,EC,,,,,,5,9,,0,,CESSNA,208B,,,ATESA - AERO TAXIS ECUATORIANOS SA,,,,,,,,,,,,,,,
S2006043,2006-01-21,,WAAS,,WAAS,,,,CA,,,,,,3,5,,0,,CESSNA,208B,,,REGENCY AIR CHARTER,,,,,,,,,,,,,,,
S2006065,2006-10-25,,WAAS,,WAAS,,,,MG,,,,,,6,0,,0,,CESSNA,425,,,SERVICES & TRANSPORTS AERIENS - STA,,,,,,,,,,,,,,,
S2007001,2007-01-09,,WAAS,,WAAS,,,,IQ,,,,,,34,1,,0,,ANTONOV,AN-26B,,,AERIANTUR-M AIRLINES,,,,,,,,,,,,,,,
S2007003,2007-03-17,,WAAS,,WAAS,,,,RU,,,,,,6,30,,21,,TUPOLEV,TU-134A,,,UTAIR,,,,,,,,,,,,,,,
S2007010,2007-06-25,,WAAS,,WAAS,,,,KH,,,,,,22,0,,0,,ANTONOV,AN-24B,,,PMT AIRLINES,,,,,,,,,,,,,,,
S2007011,2007-06-21,,WAAS,,WAAS,,,,CD,,,,,,1,9,,12,,LET,410UVP,,,KARIBU AIRWAYS,,,,,,,,,,,,,,,
S2007023,2007-10-08,,WAAS,,WAAS,,,,CO,,,,,,18,0,,0,,LET,410UVP,,,NACIONAL DE AVIACION COLOMBIA,,,,,,,,,,,,,,,
S2007074,2007-12-09,,WAAS,,WAAS,,,,UA,,,,,,5,0,,0,,BEECH,C90B,,,FUN AIR,,,,,,,,,,,,,,,
S2008001,2008-01-04,,WAAS,,WAAS,,,,VE,,,,,,14,0,,0,,LET,410UVP,,,TRANSAVEN,,,,,,,,,,,,,,,
S2008007,2008-04-03,,WAAS,,WAAS,,,,SR,,,,,,19,0,,0,,ANTONOV,"ANTONOV (WSK-PZL MIELEC) AN-28
8",8,,BLUE WING AIRLINES,,,,,,,,,,,,,,,
S20080254,2008-12-19,,WAAS,,WAAS,,,,VU,,,,,,2,2,,6,,PBN,BN-2A,,,AIR VANUATU,,,,,,,,,,,,,,,
S2008036,2008-01-19,,WAAS,,WAAS,,,,AO,,,,,,13,0,,0,,BEECH,B200,,,GIRA GLOBO LDA,,,,,,,,,,,,,,,
S2008084,2008-08-24,,WAAS,,WAAS,,,,GT,,,,,,10,4,,0,,CESSNA,208,,,AEREO RUTA MAYA,,,,,,,,,,,,,,,
S2008132,2008-11-23,,WAAS,,WAAS,,,,BR,,,,,,2,1,,7,,BEECH,200,,,TL AIR TAXI,,,,,,,,,,,,,,,
S2008140,2008-12-03,,WAAS,,WAAS,,,,PR,,,,,,3,0,,0,,COMMANDER,690B,,,WEBSTA'S AVIATION SERVIES INC,,,,,,,,,,,,,,,
S2009062,2009-04-17,,WAAS,,WAAS,,,,ID,,,,,,11,0,,0,,PILATUS,PC6B2,,,MIMIKA AIR,,,,,,,,,,,,,,,
S2009063,2009-04-17,,WAAS,,WAAS,,,,VE,,,,,,1,3,,7,,CESSNA,208B,,,LTA - LINEA TURISTICA AEREOTUY CA,,,,,,,,,,,,,,,
S2009100,2009-07-15,,WAAS,,WAAS,,,,IR,,,,,,168,0,,0,,TUPOLEV,TU-154M,,,CASPIAN AIRLINES,,,,,,,,,,,,,,,
S2009104,2009-07-24,,WAAS,,WAAS,,,,IR,,,,,,16,3,,150,,ILYUSHIN,IL-62M,,,ARIA AIR,,,,,,,,,,,,,,,
S2010038,2010-05-15,,WAAS,,WAAS,,,,SR,,,,,,8,0,,0,,ANTONOV,"ANTONOV (WSK-PZL MIELEC) AN-28
8",8,,BLUE WING AIRLINES,,,,,,,,,,,,,,,
S2010039,2010-05-17,,WAAS,,WAAS,,,,AF,,,,,,44,0,,0,,ANTONOV,AN-24B,,,PAMIR AIRWAYS,,,,,,,,,,,,,,,
S2010047,2010-06-13,,WAAS,,WAAS,,,,MX,,,,,,9,0,,0,,CESSNA,208B,,,SERVICIOS AEREOS MILENIO SA DE CV,,,,,,,,,,,,,,,
S2010052,2010-06-23,,WAAS,,WAAS,,,,CA,,,,,,7,0,,0,,BEECH,A100,,,AEROPRO,,,,,,,,,,,,,,,
S2010059,2010-08-03,,WAAS,,WAAS,,,,RU,,,,,,12,3,,0,,ANTONOV,AN-24RV,,,KATEKAVIA,,,,,,,,,,,,,,,
S2010072,2010-08-25,,WAAS,,WAAS,,,,CD,,,,,,20,1,,0,,LET,410UVP,,,FILAIR,,,,,,,,,,,,,,,
S2010107,2010-11-11,,WAAS,,WAAS,,,,SD,,,,,,2,0,,40,,ANTONOV,AN-24B,,,TARCO AIR,,,,,,,,,,,,,,,
S2010115,2010-12-04,,WAAS,,WAAS,,,,RU,,,,,,2,19,,151,,TUPOLEV,TU-154M,,,SE AIRLINES,,,,,,,,,,,,,,,
S2011001,2011-01-01,,WAAS,,WAAS,,,,RU,,,,,,3,32,,99,,TUPOLEV,TU-154B,,,KOLAVIA,,,,,,,,,,,,,,,
S2011007,2011-01-14,,WAAS,,WAAS,,,,BR,,,,,,6,0,,0,,BEECH,200,,,CIELO TAXI AEREO,,,,,,,,,,,,,,,
S2011018,2011-02-14,,WAAS,,WAAS,,,,HN,,,,,,14,0,,0,,LET,410UVP,,,CENTRAL AMERICAN AIRWAYS,,,,,,,,,,,,,,,
S2011057,2011-05-07,,WAAS,,WAAS,,,,ID,,,,,,25,0,,0,,CAIC,MA60,0,,MERPATI NUSANTARA AIRLINES,,,,,,,,,,,,,,,
S2011081,2011-06-20,,WAAS,,WAAS,,,,RU,,,,,,47,5,,0,,TUPOLEV,TU-134A,,,RUSAIR,,,,,,,,,,,,,,,
S2011090,2011-07-04,,WAAS,,WAAS,,,,CA,,,,,,1,0,,8,,CESSNA,208B,,,MISSINIPPI AIRWAYS,,,,,,,,,,,,,,,
S2011092,2011-07-11,,WAAS,,WAAS,,,,RU,,,,,,7,10,,20,,ANTONOV,AN-24RV,,,ANGARA AIRLINES,,,,,,,,,,,,,,,
S2011096,2011-07-13,,WAAS,,WAAS,,,,BR,,,,,,16,0,,0,,LET,410UVP,,,NOAR LINHAS AEREAS,,,,,,,,,,,,,,,
S2011126,2011-09-22,,WAAS,,WAAS,,,,ID,,,,,,3,0,,0,,PILATUS,PC6B2,,,YAJASI AVIATION,,,,,,,,,,,,,,,
S2011132,2011-10-04,,WAAS,,WAAS,,,,CA,,,,,,2,2,,0,,CESSNA,208B,,,AIR TINDI,,,,,,,,,,,,,,,
S2011135,2011-10-14,,WAAS,,WAAS,,,,BW,,,,,,9,0,,3,,CESSNA,208B,,,MOREMI AIR SERVICES,,,,,,,,,,,,,,,
S2011167,2011-09-07,,WAAS,,WAAS,,,,RU,,,,,,44,1,,0,,YAKOVLEV,YAK-42,2,,YAK SERVICE,,,,,,,,,,,,,,,
S2011171,2011-12-17,,WAAS,,WAAS,,,,ID,,,,,,3,2,,0,,PACIFIC,AEROSPACE,,,ASSOCIATED MISSION AVIATION,,,,,,,,,,,,,,,
S20120139,2012-10-07,,WAAS,,WAAS,,,,AG,,,,,,3,1,,0,,PBN,BN-2A,,,MONTSERRAT AIRWAYS,,,,,,,,,,,,,,,
S2012087,2012-08-19,,WAAS,,WAAS,,,,SD,,,,,,32,0,,0,,ANTONOV,AN-26-100,0,,ALFA AIRLINES,,,,,,,,,,,,,,,
S2012089,2012-08-22,,WAAS,,WAAS,,,,KE,,,,,,4,3,,6,,LET,410UVP,,,MOMBASA AIR SAFARI,,,,,,,,,,,,,,,
S2012094,2012-09-12,,WAAS,,WAAS,,,,RU,,,,,,10,4,,0,,ANTONOV,"ANTONOV (WSK-PZL MIELEC) AN-28
8",8,,PETROPAVLOVSK-KAMCHATSKY AIR ENTERPRISE,,,,,,,,,,,,,,,
S20130001,2013-01-04,,WAAS,,WAAS,,,,VE,,,,,,6,0,,0,,PBN,BN-2,,,CHAPI AIR,,,,,,,,,,,,,,,
S20130023,2013-02-13,,WAAS,,WAAS,,,,UA,,,,,,5,9,,38,,ANTONOV,AN-24RV,,,SOUTH AIRLINES,,,,,,,,,,,,,,,
S20130028,2013-03-06,,WAAS,,WAAS,,,,PE,,,,,,9,0,,0,,BEECH,B200,,,ATSA - AERO TRANSPORTE SA,,,,,,,,,,,,,,,
S20130030,2013-03-12,,WAAS,,WAAS,,,,BR,,,,,,10,0,,0,,NEIVA,NE-821,,,FRETAX TAXI AEREO,,,,,,,,,,,,,,,
S20130081,2013-07-07,,WAAS,,WAAS,,,,US,,,,,,10,0,,0,,,DHC-3 TURBO OTTER,,,REDISKE AIR INC,,,,,,,,,,,,,,,
S20130123,2013-10-14,,WAAS,,WAAS,,,,MX,,,,,,12,0,,0,,CESSNA,208B,,,AEREO SERVICIO GUERRERO SA DE CV,,,,,,,,,,,,,,,
S20130147,2013-11-29,,WAAS,,WAAS,,,,US,,,,,,4,6,,0,,CESSNA,208B,,,HAGELAND AVIATION SERVICES,,,,,,,,,,,,,,,
S20130148,2013-11-25,,WAAS,,WAAS,,,,PG,,,,,,3,0,,7,,CESSNA,208B,,,TROPICAIR LTD,,,,,,,,,,,,,,,
S20130152,2013-12-11,,WAAS,,WAAS,,,,US,,,,,,1,3,,5,,CESSNA,208B,,,MAKANI KAI AIR CHARTERS,,,,,,,,,,,,,,,
S20140028,2014-04-09,,WAAS,,WAAS,,,,ID,,,,,,2,5,,0,,QUEST,KODIAK,,,ADVENTIST AVIATION (INDONESIA),,,,,,,,,,,,,,,
S20140060,2014-08-10,,WAAS,,WAAS,,,,IR,,,,,,48,0,,0,,ANTONOV,AN-140-100,0,,SEPAHAN AIRLINES,,,,,,,,,,,,,,,
S20150029,2015-03-19,,WAAS,,WAAS,,,,UY,,,,,,10,0,,0,,BEECH,B90,,,AVIAJET SA,,,,,,,,,,,,,,,
S20150033,2015-01-20,,WAAS,,WAAS,,,,KZ,,,,,,6,1,,0,,ANTONOV,AN-2,,,OLIMP AIR,,,,,,,,,,,,,,,
S20150069,2015-06-25,,WAAS,,WAAS,,,,US,,,,,,9,0,,0,,,DHC-3 TURBO OTTER,,,PROMECH AIR,,,,,,,,,,,,,,,
S20150118,2015-08-12,,WAAS,,WAAS,,,,ID,,,,,,1,5,,0,,PACIFIC,AEROSPACE,,,KOMALA INDONESIA,,,,,,,,,,,,,,,
S20160044,2016-04-01,,WAAS,,WAAS,,,,MX,,,,,,3,5,,2,,CESSNA,208B,,,AEROSERVICIOS EMPRESARIALES SA DE CV,,,,,,,,,,,,,,,
S20160048,2016-04-13,,WAAS,,WAAS,,,,PG,,,,,,12,0,,0,,PBN,BN-2T,,,SUNBIRD AVIATION,,,,,,,,,,,,,,,
S20160102,2016-07-20,,WAAS,,WAAS,,,,CN,,,,,,5,3,,2,,CESSNA,208B,,,JOY AIR GENERAL AVIATION CO,,,,,,,,,,,,,,,
S20160135,2016-08-31,,WAAS,,WAAS,,,,US,,,,,,3,0,,0,,CESSNA,208B,,,HAGELAND AVIATION SERVICES,,,,,,,,,,,,,,,
S20160147,2016-09-30,,WAAS,,WAAS,,,,CO,,,,,,4,7,,0,,CESSNA,208B,,,LLANERA DE AVIACION SAS,,,,,,,,,,,,,,,
S20160151,2016-10-02,,WAAS,,WAAS,,,,US,,,,,,3,0,,0,,CESSNA,208B,,,HAGELAND AVIATION SERVICES,,,,,,,,,,,,,,,
T1990001,1990-01-02,,WAAS,,WAAS,,,,ID,,,,,,9,0,,7,,IPTN,212-200,0,,PELITA AIR SERVICE,,,,,,,,,,,,,,,
T1990003,1990-01-15,,WAAS,,WAAS,,,,CR,,,,,,23,0,,0,,CASA,212-200,0,,SANSA,,,,,,,,,,,,,,,
T1990006,1990-02-05,,WAAS,,WAAS,,,,CO,,,,,,15,0,,0,,GRUMMAN,159,,,HELICOL,,,,,,,,,,,,,,,
T1990007,1990-01-25,,WAAS,,WAAS,,,,ID,,,,,,19,0,,0,,,"HAWKER-SIDDELEY 
748 SRS.2A",,,AIRFAST INDONESIA PT,,,,,,,,,,,,,,,
T1990012,1990-04-18,,WAAS,,WAAS,,,,PA,,,,,,20,0,,2,,,"DHC-6 TWIN OTTER 
200",0,,AEROPERLAS,,,,,,,,,,,,,,,
T1990013,1990-04-12,,WAAS,,WAAS,,,,NO,,,,,,5,0,,0,,,"DHC-6 TWIN OTTER 
300",0,,WIDEROE'S FLYVESELSKAP,,,,,,,,,,,,,,,
T1990017,1990-05-10,,WAAS,,WAAS,,,,MX,,,,,,24,0,,16,,FAIRCHILD,F-27,7,,AVIACSA,,,,,,,,,,,,,,,
T1990018,1990-05-18,,WAAS,,WAAS,,,,PH,,,,,,21,0,,0,,BEECH,COMMUTER,1,,AEROLIFT PHILIPPINES,,,,,,,,,,,,,,,
T1990021,1990-06-06,,WAAS,,WAAS,,,,BR,,,,,,23,19,,0,,FAIRCHILD,FH-227,7,,TABA,,,,,,,,,,,,,,,
T1990035,1990-11-11,,WAAS,,WAAS,,,,CO,,,,,,16,0,,0,,CASA,212-200,0,,SATENA,,,,,,,,,,,,,,,
T1990036,1990-11-21,,WAAS,,WAAS,,,,TH,,,,,,38,0,,0,,DHC,DASH,0,,BANGKOK AIRWAYS,,,,,,,,,,,,,,,
T1991001,1991-02-01,,WAAS,,WAAS,,,,US,,,,,,12,0,,0,,FAIRCHILD,SA-227AC,,,SKYWEST AIRLINES,,,,,,,,,,,,,,,
T1991002,1991-01-30,,WAAS,,WAAS,,,,ID,,,,,,1,0,,20,,IPTN,212-200,0,,MERPATI NUSANTARA AIRLINES,,,,,,,,,,,,,,,
T1991007,1991-04-05,,WAAS,,WAAS,,,,US,,,,,,23,0,,0,,EMBRAER,EMB-120,,,ATLANTIC SOUTHEAST AIRLINES,,,,,,,,,,,,,,,
T1991008,1991-05-09,,WAAS,,WAAS,,,,ID,,,,,,13,0,,0,,FOKKER,F.27-600,0,,MERPATI NUSANTARA AIRLINES,,,,,,,,,,,,,,,
T1991010,1991-04-18,,WAAS,,WAAS,,,,PF,,,,,,10,4,,9,,DORNIER,228-200,0,,AIR TAHITI,,,,,,,,,,,,,,,
T1991014,1991-07-04,,WAAS,,WAAS,,,,CO,,,,,,3,0,,0,,,"DHC-6 TWIN OTTER 
300",0,,HELICOL,,,,,,,,,,,,,,,
T1991016,1991-07-10,,WAAS,,WAAS,,,,US,,,,,,13,2,,0,,BEECH,C99,9,,L'EXPRESS INC,,,,,,,,,,,,,,,
T1991017,1991-07-09,,WAAS,,WAAS,,,,PE,,,,,,14,0,,0,,CASA,212-200,0,,AEROCHASQUI,,,,,,,,,,,,,,,
T1991019,1991-09-11,,WAAS,,WAAS,,,,US,,,,,,14,0,,0,,EMBRAER,EMB-120,,,JET LINK/CONTINENTAL EXPRESS,,,,,,,,,,,,,,,
T1991023,1991-09-03,,WAAS,,WAAS,,,,MY,,,,,,14,6,,0,,SHORTS,SC.7,3,,AIRTECH RAJAWARI UDARA,,,,,,,,,,,,,,,
T1991025,1991-06-01,,WAAS,,WAAS,,,,BS,,,,,,2,0,,1,,,"A.S.T.A. (GAF) 
NOMAD N24A",,,AGAPE FLIGHT INC.,,,,,,,,,,,,,,,
T1991028,1991-09-27,,WAAS,,WAAS,,,,SB,,,,,,15,0,,0,,,"DHC-6 TWIN OTTER 
300",0,,SOLOMON AIRLINES,,,,,,,,,,,,,,,
T1991030,1991-11-11,,WAAS,,WAAS,,,,BR,,,,,,15,0,,0,,EMBRAER,EMB-110P1,,,NORDESTE LINHAS AEREAS REGIONAIS,,,,,,,,,,,,,,,
T1992001,1992-01-03,,WAAS,,WAAS,,,,US,,,,,,2,2,,0,,BEECH,COMMUTER,1,,COMMUTAIR,,,,,,,,,,,,,,,
T1992002,1992-02-03,,WAAS,,WAAS,,,,BR,,,,,,12,0,,0,,EMBRAER,EMB-110C,,,NORDESTE LINHAS AEREAS REGIONAIS,,,,,,,,,,,,,,,
T1992004,1992-02-09,,WAAS,,WAAS,,,,SN,,,,,,30,26,,0,,CONVAIR,640,0,,GAMBCREST,,,,,,,,,,,,,,,
T1992006,1992-04-15,,WAAS,,WAAS,,,,PG,,,,,,11,4,,0,,EMBRAER,EMB-110P1,,,TALAIR,,,,,,,,,,,,,,,
T1992011,1992-06-07,,WAAS,,WAAS,,,,PR,,,,,,5,0,,0,,CASA,212-200,0,,EXECUTIVE AIRLINES,,,,,,,,,,,,,,,
T1992012,1992-06-08,,WAAS,,WAAS,,,,US,,,,,,3,3,,0,,BEECH,C99,9,,GP EXPRESS AIRLINES,,,,,,,,,,,,,,,
T1992016,1992-07-24,,WAAS,,WAAS,,,,ID,,,,,,70,0,,0,,VICKERS,800,,,MANDALA AIRLINES,,,,,,,,,,,,,,,
T1992022,1992-04-26,,WAAS,,WAAS,,,,IR,,,,,,39,0,,0,,FOKKER,F.27-400,0,,SAHA AIRLINE,,,,,,,,,,,,,,,
T1992023,1992-10-18,,WAAS,,WAAS,,,,ID,,,,,,31,0,,0,,IPTN,CN-235-100,0,,MERPATI NUSANTARA AIRLINES,,,,,,,,,,,,,,,
T1992028,1992-12-13,,WAAS,,WAAS,,,,CD,,,,,,37,0,,0,,FOKKER,F.27-400,0,,SCIBE AIRLIFT,,,,,,,,,,,,,,,
T1993005,1993-02-28,,WAAS,,WAAS,,,,TW,,,,,,6,0,,0,,DORNIER,228-200,0,,FORMOSA AIRLINES,,,,,,,,,,,,,,,
T1993010,1993-01-06,,WAAS,,WAAS,,,,FR,,,,,,4,8,,11,,DHC,DASH,0,,LUFTHANSA CITYLINE,,,,,,,,,,,,,,,
T1993011,1993-01-09,,WAAS,,WAAS,,,,ID,,,,,,17,22,,5,,,"HAWKER-SIDDELEY 
748 SRS.2A",,,BOURAQ INDONESIA,,,,,,,,,,,,,,,
T1993014,1993-03-23,,WAAS,,WAAS,,,,BR,,,,,,6,0,,0,,EMBRAER,EMB-110C,,,OESTE LINHAS AEREAS,,,,,,,,,,,,,,,
T1993015,1993-04-27,,WAAS,,WAAS,,,,GA,,,,,,30,0,,0,,,DHC-5 BUFFALO,,,ZAMBIAN AIR FORCE,,,,,,,,,,,,,,,
T1993040,1993-07-30,,WAAS,,WAAS,,,,MY,,,,,,1,2,,14,,SHORTS,SC.7,3,,HORNBILL SKYWAYS,,,,,,,,,,,,,,,
T1993041,1993-07-31,,WAAS,,WAAS,,,,NP,,,,,,19,0,,0,,DORNIER,228-100,0,,EVEREST AIR,,,,,,,,,,,,,,,
T1993048,1993-10-25,,WAAS,,WAAS,,,,NZ,,,,,,9,0,,0,,,"A.S.T.A. (GAF) 
NOMAD N22",2,,HIBISCUS AVIATION SERVICES,,,,,,,,,,,,,,,
T1993057,1993-12-01,,WAAS,,WAAS,,,,US,,,,,,18,0,,0,,,B.AE. JETSTREAM 31,1,,EXPRESS AIRLINES,,,,,,,,,,,,,,,
T1993059,1993-10-27,,WAAS,,WAAS,,,,NO,,,,,,7,12,,1,,,"DHC-6 TWIN OTTER 
300",0,,WIDEROE'S FLYVESELSKAP,,,,,,,,,,,,,,,
T1993062,1993-11-10,,WAAS,,WAAS,,,,CA,,,,,,7,0,,0,,,"HAWKER-SIDDELEY 
748 SRS.2A",,,AIR MANITOBA,,,,,,,,,,,,,,,
T1993067,1993-12-09,,WAAS,,WAAS,,,,SN,,,,,,3,0,,0,,,"DHC-6 TWIN OTTER 
300",0,,AIR SENEGAL,,,,,,,,,,,,,,,
T1994004,1994-01-07,,WAAS,,WAAS,,,,US,,,,,,5,0,,3,,,B.AE. JETSTREAM 41,1,,ATLANTIC COAST AIRLINES,,,,,,,,,,,,,,,
T1994011,1994-04-04,,WAAS,,WAAS,,,,NL,,,,,,3,9,,12,,SAAB,340B,,,KLM CITYHOPPER,,,,,,,,,,,,,,,
T1994020,1994-06-18,,WAAS,,WAAS,,,,ID,,,,,,12,0,,0,,FOKKER,F.27-500,0,,MERPATI NUSANTARA AIRLINES,,,,,,,,,,,,,,,
T1994022,1994-06-26,,WAAS,,WAAS,,,,CI,,,,,,17,0,,0,,FOKKER,F.27-400,0,,AIR IVOIRE,,,,,,,,,,,,,,,
T1994024,1994-06-13,,WAAS,,WAAS,,,,MX,,,,,,9,0,,0,,FAIRCHILD,SA-226TC,,,AEROLINEAS CUAHONTE,,,,,,,,,,,,,,,
T1994026,1994-07-19,,WAAS,,WAAS,,,,PA,,,,,,21,0,,0,,EMBRAER,EMB-110P1,,,ALAS CHIRICANAS,,,,,,,,,,,,,,,
T1994027,1994-05-07,,WAAS,,WAAS,,,,BR,,,,,,8,8,,0,,EMBRAER,EMB-110E,,,RICO TAXI AEREO,,,,,,,,,,,,,,,
T1994032,1994-09-13,,WAAS,,WAAS,,,,NG,,,,,,3,2,,0,,,"DHC-6 TWIN OTTER 
300",0,,AEROCONTRACTORS,,,,,,,,,,,,,,,
T1994033,1994-08-21,,WAAS,,WAAS,,,,MA,,,,,,44,0,,0,,,ATR-42-300,0,,ROYAL AIR MAROC,,,,,,,,,,,,,,,
T1994043,1994-10-31,,WAAS,,WAAS,,,,US,,,,,,68,0,,0,,,ATR-72-210,0,,SIMMONS AIRLINES,,,,,,,,,,,,,,,
T1994045,1994-09-17,,WAAS,,WAAS,,,,CA,,,,,,3,1,,0,,,"DHC-6 TWIN OTTER 
100",0,,PACIFIC COASTAL AIRLINES,,,,,,,,,,,,,,,
T1994050,1994-12-13,,WAAS,,WAAS,,,,US,,,,,,15,5,,0,,,B.AE. JETSTREAM 32,2,,FLAGSHIP AIRLINES,,,,,,,,,,,,,,,
T1995004,1995-01-10,,WAAS,,WAAS,,,,ID,,,,,,14,0,,0,,,"DHC-6 TWIN OTTER 
300",0,,MERPATI NUSANTARA AIRLINES,,,,,,,,,,,,,,,
T1995006,1995-01-17,,WAAS,,WAAS,,,,NP,,,,,,2,2,,20,,,"DHC-6 TWIN OTTER 
300",0,,ROYAL NEPAL AIRLINES,,,,,,,,,,,,,,,
T1995035,1995-05-24,,WAAS,,WAAS,,,,GB,,,,,,12,0,,0,,EMBRAER,EMB-110P1,,,KNIGHT AIR,,,,,,,,,,,,,,,
T1995040,1995-06-09,,WAAS,,WAAS,,,,NZ,,,,,,5,13,,3,,DHC,DASH,0,,ANSETT NEW ZEALAND,,,,,,,,,,,,,,,
T1995041,1995-05-01,,WAAS,,WAAS,,,,CA,,,,,,3,0,,0,,FAIRCHILD,SA-227AC,3,,BEARSKIN LAKE AIR SERVICE,,,,,,,,,,,,,,,
T1995042,1995-06-17,,WAAS,,WAAS,,,,AO,,,,,,48,5,,0,,CASA,212-200,0,,ANGOLAN AIR FORCE,,,,,,,,,,,,,,,
T1995059,1995-07-12,,WAAS,,WAAS,,,,PG,,,,,,15,0,,0,,,"DHC-6 TWIN OTTER 
300",0,,MILNE BAY AIR,,,,,,,,,,,,,,,
T1995062,1995-08-09,,WAAS,,WAAS,,,,ID,,,,,,10,0,,0,,,"HAWKER-SIDDELEY 
748 SRS.2A",,,BOURAQ INDONESIA,,,,,,,,,,,,,,,
T1995064,1995-08-14,,WAAS,,WAAS,,,,CO,,,,,,10,0,,0,,EMBRAER,EMB-110P1,,,AIRES COLOMBIA,,,,,,,,,,,,,,,
T1995065,1995-08-21,,WAAS,,WAAS,,,,US,,,,,,9,12,,8,,EMBRAER,EMB-120,,,ATLANTIC SOUTHEAST AIRLINES,,,,,,,,,,,,,,,
T1995067,1995-09-15,,WAAS,,WAAS,,,,MY,,,,,,34,0,,19,,FOKKER,50,0,,MALAYSIA AIRLINES,,,,,,,,,,,,,,,
T1995068,1995-09-09,,WAAS,,WAAS,,,,CO,,,,,,21,1,,0,,CASA,212-200,0,,SATENA,,,,,,,,,,,,,,,
T1995074,1995-11-08,,WAAS,,WAAS,,,,AR,,,,,,53,0,,0,,FOKKER,F.27-400,0,,LADE,,,,,,,,,,,,,,,
T1995078,1995-12-07,,WAAS,,WAAS,,,,HT,,,,,,20,0,,0,,BEECH,COMMUTER,,,AIR SAINT MARTIN,,,,,,,,,,,,,,,
T1995083,1995-12-18,,WAAS,,WAAS,,,,AO,,,,,,141,3,,0,,LOCKHEED,188,,,TRANS SERVICE AIRLIFT,,,,,,,,,,,,,,,
T1996001,1996-02-12,,WAAS,,WAAS,,,,HT,,,,,,11,4,,0,,,"A.S.T.A. (GAF) 
NOMAD N24A",,,HAITI AIR EXPRESS,,,,,,,,,,,,,,,
T1996010,1996-05-10,,WAAS,,WAAS,,,,MX,,,,,,16,3,,0,,,"DHC-6 TWIN OTTER 
200",0,,AEROSERVICIOS EMPRESARIALES SA DE CV,,,,,,,,,,,,,,,
T1996011,1996-04-05,,WAAS,,WAAS,,,,TW,,,,,,6,0,,11,,DORNIER,228-200,0,,FORMOSA AIRLINES,,,,,,,,,,,,,,,
T1996016,1996-07-09,,WAAS,,WAAS,,,,PG,,,,,,20,0,,0,,,"DHC-6 TWIN OTTER 
300",0,,MILNE BAY AIR,,,,,,,,,,,,,,,
T1996024,1996-07-24,,WAAS,,WAAS,,,,MM,,,,,,8,16,,25,,FOKKER,F.27-600,0,,MYANMA AIRWAYS,,,,,,,,,,,,,,,
T1996028,1996-07-17,,WAAS,,WAAS,,,,MX,,,,,,1,15,,2,,,"DHC-6 TWIN OTTER 
300",0,,TRANS CARIBE,,,,,,,,,,,,,,,
T1996033,1996-11-01,,WAAS,,WAAS,,,,GT,,,,,,16,0,,0,,EMBRAER,EMB-110P1,,,TAPSA - TRANSPORTES AEREOS PROFESIONALES,,,,,,,,,,,,,,,
T1996035,1996-11-19,,WAAS,,WAAS,,,,US,,,,,,12,0,,0,,BEECH,COMMUTER,1,,UNITED EXPRESS,,,,,,,,,,,,,,,
T1996040,1996-12-07,,WAAS,,WAAS,,,,ID,,,,,,16,1,,0,,IPTN,212-100,0,,DIRGANTARA AIR SERVICE,,,,,,,,,,,,,,,
T1996041,1996-11-30,,WAAS,,WAAS,,,,CO,,,,,,14,1,,0,,,"DHC-6 TWIN OTTER 
300",0,,ACES,,,,,,,,,,,,,,,
T1996044,1996-10-03,,WAAS,,WAAS,,,,CD,,,,,,6,0,,15,,,"DHC-6 TWIN OTTER 
100",0,,MALU AVIATION,,,,,,,,,,,,,,,
T1997003,1997-01-08,,WAAS,,WAAS,,,,WS,,,,,,3,2,,0,,,"DHC-6 TWIN OTTER 
300",0,,POLYNESIAN AIRLINES,,,,,,,,,,,,,,,
T1997004,1997-01-09,,WAAS,,WAAS,,,,US,,,,,,29,0,,0,,EMBRAER,EMB-120,,,COMAIR,,,,,,,,,,,,,,,
T1997008,1997-02-01,,WAAS,,WAAS,,,,SN,,,,,,25,27,,0,,,"HAWKER-SIDDELEY 
748 SRS.2A",,,AIR SENEGAL,,,,,,,,,,,,,,,
T1997011,1997-04-19,,WAAS,,WAAS,,,,ID,,,,,,15,0,,38,,BRITISH,AEROSPACE,,,MERPATI NUSANTARA AIRLINES,,,,,,,,,,,,,,,
T1997020,1997-06-06,,WAAS,,WAAS,,,,CD,,,,,,27,0,,0,,VICKERS,700,,,BAZAIR,,,,,,,,,,,,,,,
T1997029,1997-07-17,,WAAS,,WAAS,,,,ID,,,,,,30,0,,20,,FOKKER,F.27-600,0,,SEMPATI AIR,,,,,,,,,,,,,,,
T1997034,1997-08-10,,WAAS,,WAAS,,,,TW,,,,,,16,0,,0,,DORNIER,228-200,0,,FORMOSA AIRLINES,,,,,,,,,,,,,,,
T1997037,1997-09-06,,WAAS,,WAAS,,,,MY,,,,,,10,0,,0,,DORNIER,228-200,0,,MERPATI INTAN,,,,,,,,,,,,,,,
T1997046,1997-07-18,,WAAS,,WAAS,,,,PG,,,,,,2,1,,1,,,"DHC-6 TWIN OTTER 
300",0,,GOROKA AIR SERVICE,,,,,,,,,,,,,,,
T1997050,1997-12-09,,WAAS,,WAAS,,,,CA,,,,,,4,13,,0,,EMBRAER,EMB-110P1,,,SOWIND AIR,,,,,,,,,,,,,,,
T1997053,1997-12-12,,WAAS,,WAAS,,,,BO,,,,,,10,4,,5,,FAIRCHILD,SA-226TC,,,SERVICIOS Y TRANSPORTES AEREOS PETROLEROS SA,,,,,,,,,,,,,,,
T1997081,1997-09-12,,WAAS,,WAAS,,,,CD,,,,,,22,0,,0,,,"DHC-6 TWIN OTTER 
300",0,,TMK AIR COMMUTER,,,,,,,,,,,,,,,
T1998002,1998-01-27,,WAAS,,WAAS,,,,MM,,,,,,16,0,,29,,FOKKER,F.27-600,0,,MYANMA AIRWAYS,,,,,,,,,,,,,,,
T1998007,1998-03-18,,WAAS,,WAAS,,,,TW,,,,,,13,0,,0,,SAAB,340B,,,FORMOSA AIRLINES,,,,,,,,,,,,,,,
T1998020,1998-06-18,,WAAS,,WAAS,,,,CA,,,,,,11,0,,0,,FAIRCHILD,SA-226TC,,,PROPAIR,,,,,,,,,,,,,,,
T1998025,1998-07-30,,WAAS,,WAAS,,,,FR,,,,,,14,0,,0,,BEECH,COMMUTER,,,PROTEUS AIR SYSTEM,,,,,,,,,,,,,,,
T1998026,1998-07-30,,WAAS,,WAAS,,,,IN,,,,,,6,0,,0,,DORNIER,228-200,0,,INDIAN AIRLINES,,,,,,,,,,,,,,,
T1998028,1998-08-21,,WAAS,,WAAS,,,,NP,,,,,,18,0,,0,,,"DHC-6 TWIN OTTER 
300",0,,LUMBINI AIRWAYS,,,,,,,,,,,,,,,
T1998029,1998-07-29,,WAAS,,WAAS,,,,BR,,,,,,5,0,,18,,EMBRAER,EMB-110P1,,,SELVA TAXI AEREO,,,,,,,,,,,,,,,
T1998034,1998-08-24,,WAAS,,WAAS,,,,MM,,,,,,44,0,,0,,FOKKER,F.27-600,0,,MYANMA AIRWAYS,,,,,,,,,,,,,,,
T1998039,1998-09-28,,WAAS,,WAAS,,,,CV,,,,,,1,6,,15,,,"DHC-6 TWIN OTTER 
300",0,,TACV CABO VERDE,,,,,,,,,,,,,,,
T1999002,1999-01-02,,WAAS,,WAAS,,,,AO,,,,,,9,0,,0,,LOCKHEED,100-30,,,TRANSAFRIK,,,,,,,,,,,,,,,
T1999011,1999-02-25,,WAAS,,WAAS,,,,IT,,,,,,4,2,,25,,DORNIER,328-100,0,,MINERVA ITALY,,,,,,,,,,,,,,,
T1999014,1999-04-08,,WAAS,,WAAS,,,,CO,,,,,,5,0,,0,,,"DHC-6 TWIN OTTER 
300",0,,AEROTACA,,,,,,,,,,,,,,,
T1999027,1999-05-08,,WAAS,,WAAS,,,,VU,,,,,,7,0,,5,,,"DHC-6 TWIN OTTER 
300",0,,VANAIR,,,,,,,,,,,,,,,
T1999033,1999-06-17,,WAAS,,WAAS,,,,PG,,,,,,17,0,,0,,EMBRAER,EMB-110P2,,,AIRLINK (PNG),,,,,,,,,,,,,,,
T1999042,1999-07-02,,WAAS,,WAAS,,,,MM,,,,,,8,0,,0,,FOKKER,F.27-600,0,,MYANMA AIRWAYS,,,,,,,,,,,,,,,
T1999045,1999-07-24,,WAAS,,WAAS,,,,FJ,,,,,,17,0,,0,,EMBRAER,EMB-110P1,,,AIR FIJI,,,,,,,,,,,,,,,
T1999049,1999-09-05,,WAAS,,WAAS,,,,NP,,,,,,15,0,,0,,,"HAWKER-SIDDELEY 
748 SRS.2B",,,NECON AIR,,,,,,,,,,,,,,,
T1999063,1999-11-12,,WAAS,,WAAS,,,,YU,,,,,,24,0,,0,,,ATR-42-300,0,,SI FLY,,,,,,,,,,,,,,,
T1999070,1999-12-11,,WAAS,,WAAS,,,,PT,,,,,,35,0,,0,,BRITISH,AEROSPACE,,,SATA AIR ACORES,,,,,,,,,,,,,,,
T1999072,1999-12-25,,WAAS,,WAAS,,,,NP,,,,,,10,0,,0,,,"DHC-6 TWIN OTTER 
300",0,,SKYLINE AIRWAYS,,,,,,,,,,,,,,,
T2000001,2000-01-10,,WAAS,,WAAS,,,,CH,,,,,,10,0,,0,,SAAB,340B,,,CROSSAIR,,,,,,,,,,,,,,,
T2000002,2000-01-13,,WAAS,,WAAS,,,,LY,,,,,,22,13,,6,,SHORTS,360-300,0,,AVISTO,,,,,,,,,,,,,,,
T2000003,2000-01-05,,WAAS,,WAAS,,,,NG,,,,,,1,1,,14,,EMBRAER,EMB-110P1,,,SKYPOWER EXPRESS AIRWAYS,,,,,,,,,,,,,,,
T2000010,2000-03-17,,WAAS,,WAAS,,,,PA,,,,,,10,0,,0,,,"DHC-6 TWIN OTTER 
300",0,,AEROPERLAS,,,,,,,,,,,,,,,
T2000018,2000-05-17,,WAAS,,WAAS,,,,GA,,,,,,3,2,,5,,BEECH,COMMUTER,1,,AVIREX,,,,,,,,,,,,,,,
T2000019,2000-05-21,,WAAS,,WAAS,,,,US,,,,,,19,0,,0,,,B.AE. JETSTREAM 31,1,,EXECUTIVE AIRLINES,,,,,,,,,,,,,,,
T2000025,2000-07-08,,WAAS,,WAAS,,,,MX,,,,,,19,0,,0,,,B.AE. JETSTREAM SUPER 31,1,,AEROCARIBE,,,,,,,,,,,,,,,
T2000031,2000-07-27,,WAAS,,WAAS,,,,NP,,,,,,25,0,,0,,,"DHC-6 TWIN OTTER 
300",0,,ROYAL NEPAL AIRLINES,,,,,,,,,,,,,,,
T2001009,2001-02-10,,WAAS,,WAAS,,,,SR,,,,,,10,0,,0,,,"A.S.T.A. (GAF) 
NOMAD N24A",,,GUM AIR,,,,,,,,,,,,,,,
T2001010,2001-03-17,,WAAS,,WAAS,,,,AO,,,,,,16,1,,0,,BEECH,COMMUTER,1,,SAL EXPRESS,,,,,,,,,,,,,,,
T2001013,2001-03-24,,WAAS,,WAAS,,,,GP,,,,,,19,0,,0,,,"DHC-6 TWIN OTTER 
300",0,,AIR CARAIBES,,,,,,,,,,,,,,,
T2001030,2001-08-29,,WAAS,,WAAS,,,,ES,,,,,,4,18,,25,,CASA,CN-235-200,0,,BINTER MEDITERRANEO,,,,,,,,,,,,,,,
T2001063,2001-10-10,,WAAS,,WAAS,,,,ES,,,,,,10,0,,0,,FAIRCHILD,SA-226AT,,,FLIGHTLINE SA,,,,,,,,,,,,,,,
T2002031,2002-07-17,,WAAS,,WAAS,,,,NP,,,,,,4,0,,0,,,"DHC-6 TWIN OTTER 
300",0,,SKYLINE AIRWAYS,,,,,,,,,,,,,,,
T2002037,2002-08-22,,WAAS,,WAAS,,,,NP,,,,,,18,0,,0,,,"DHC-6 TWIN OTTER 
300",0,,SHANGRILA AIR,,,,,,,,,,,,,,,
T2002038,2002-08-30,,WAAS,,WAAS,,,,BR,,,,,,23,8,,0,,EMBRAER,EMB-120,,,RICO LINHAS AEREAS,,,,,,,,,,,,,,,
T2002066,2002-11-06,,WAAS,,WAAS,,,,LU,,,,,,20,2,,0,,FOKKER,50,0,,LUXAIR,,,,,,,,,,,,,,,
T2002067,2002-11-11,,WAAS,,WAAS,,,,PH,,,,,,19,4,,11,,FOKKER,F.27-600,0,,LAOAG INTERNATIONAL AIRWAYS,,,,,,,,,,,,,,,
T2003001,2003-01-08,,WAAS,,WAAS,,,,US,,,,,,21,0,,0,,BEECH,COMMUTER,,,AIR MIDWEST,,,,,,,,,,,,,,,
T2003004,2003-01-24,,WAAS,,WAAS,,,,KE,,,,,,3,9,,0,,GRUMMAN,159,,,AFRICAN COMMUTER SERVICES,,,,,,,,,,,,,,,
T2003016,2003-03-27,,WAAS,,WAAS,,,,ID,,,,,,5,10,,3,,,"DHC-6 TWIN OTTER 
300",0,,AIR REGIONAL,,,,,,,,,,,,,,,
T2003045,2003-07-19,,WAAS,,WAAS,,,,KE,,,,,,14,0,,0,,FAIRCHILD,SA-226TC,,,RYAN BLAKE AIR,,,,,,,,,,,,,,,
T2003060,2003-11-08,,WAAS,,WAAS,,,,GY,,,,,,2,5,,0,,SHORTS,SC.7,3,,TRANS GUYANA AIRWAYS,,,,,,,,,,,,,,,
T2004004,2004-02-10,,WAAS,,WAAS,,,,AE,,,,,,43,3,,0,,FOKKER,50,0,,KISH AIR,,,,,,,,,,,,,,,
T2004012,2004-05-14,,WAAS,,WAAS,,,,BR,,,,,,33,0,,0,,EMBRAER,EMB-120,,,RICO LINHAS AEREAS,,,,,,,,,,,,,,,
T2004020,2004-06-08,,WAAS,,WAAS,,,,GA,,,,,,19,0,,11,,,"HAWKER-SIDDELEY 
748 SRS.2A",,,GABON EXPRESS,,,,,,,,,,,,,,,
T2004022,2004-05-05,,WAAS,,WAAS,,,,CO,,,,,,3,4,,0,,FAIRCHILD,SA-227AC,,,AEROTRANSPORTES PETROLEROS,,,,,,,,,,,,,,,
T2004035,2004-10-18,,WAAS,,WAAS,,,,US,,,,,,13,2,,0,,,B.AE. JETSTREAM SUPER 31,1,,CORPORATE AIRLINES,,,,,,,,,,,,,,,
T2004038,2004-11-18,,WAAS,,WAAS,,,,VE,,,,,,4,17,,0,,,B.AE. JETSTREAM 31,1,,VENEZOLANA,,,,,,,,,,,,,,,
T2005015,2005-04-12,,WAAS,,WAAS,,,,ID,,,,,,17,0,,0,,,"DHC-6 TWIN OTTER 
100",0,,GT AIR,,,,,,,,,,,,,,,
T2005020,2005-05-07,,WAAS,,WAAS,,,,AU,,,,,,15,0,,0,,FAIRCHILD,SA-227AC,3,,AERO-TROPICS AIR SERVICES,,,,,,,,,,,,,,,
T2005034,2005-08-06,,WAAS,,WAAS,,,,IT,,,,,,16,11,,12,,,ATR-72-200,0,,TUNINTER,,,,,,,,,,,,,,,
T2005057,2005-12-19,,WAAS,,WAAS,,,,US,,,,,,20,0,,0,,GRUMMAN,TURBINE,,,CHALK'S OCEAN AIRWAYS,,,,,,,,,,,,,,,
T2006030,2006-06-21,,WAAS,,WAAS,,,,NP,,,,,,9,0,,0,,,"DHC-6 TWIN OTTER 
300",0,,YETI AIRLINES,,,,,,,,,,,,,,,
T2006032,2006-07-10,,WAAS,,WAAS,,,,PK,,,,,,45,0,,0,,FOKKER,F.27-600,0,,PAKISTAN INTERNATIONAL AIRLINES,,,,,,,,,,,,,,,
T2006054,2006-11-17,,WAAS,,WAAS,,,,ID,,,,,,12,0,,0,,,"DHC-6 TWIN OTTER 
300",0,,TRIGANA AIR,,,,,,,,,,,,,,,
T2007027,2007-06-23,,WAAS,,WAAS,,,,YE,,,,,,1,5,,0,,,"DHC-6 TWIN OTTER 
300",0,,YEMENIA,,,,,,,,,,,,,,,
T2007032,2007-07-08,,WAAS,,WAAS,,,,CA,,,,,,1,2,,2,,,"DHC-6 TWIN OTTER 
100",0,,LIARD AIR,,,,,,,,,,,,,,,
T2007043,2007-08-09,,WAAS,,WAAS,,,,PF,,,,,,20,0,,0,,,"DHC-6 TWIN OTTER 
300",0,,AIR MOOREA,,,,,,,,,,,,,,,
T2008009,2008-02-21,,WAAS,,WAAS,,,,VE,,,,,,46,0,,0,,,ATR-42-300,0,,SANTA BARBARA AIRLINES,,,,,,,,,,,,,,,
T2008023,2008-05-02,,WAAS,,WAAS,,,,SD,,,,,,21,0,,0,,BEECH,COMMUTER,1,,SOUTHERN SUDAN AIR CONNECTION,,,,,,,,,,,,,,,
T2008043,2008-07-10,,WAAS,,WAAS,,,,CL,,,,,,9,0,,0,,BEECH,99A,,,INVERSIONES AERES PATAGONIA,,,,,,,,,,,,,,,
T2008060,2008-09-01,,WAAS,,WAAS,,,,CD,,,,,,17,0,,0,,BEECH,COMMUTER,1,,AIR SERV INTERNATIONAL,,,,,,,,,,,,,,,
T2008067,2008-10-08,,WAAS,,WAAS,,,,NP,,,,,,18,1,,0,,,"DHC-6 TWIN OTTER 
300",0,,YETI AIRLINES,,,,,,,,,,,,,,,
T2009005,2009-02-07,,WAAS,,WAAS,,,,BR,,,,,,24,0,,4,,EMBRAER,EMB-110P1,,,MANAUS AERO TAXI,,,,,,,,,,,,,,,
T2009006,2009-02-12,,WAAS,,WAAS,,,,US,,,,,,49,0,,0,,DHC,DASH,0,,COLGAN AIR,,,,,,,,,,,,,,,
T2009039,2009-08-02,,WAAS,,WAAS,,,,ID,,,,,,15,0,,0,,,"DHC-6 TWIN OTTER 
300",0,,MERPATI NUSANTARA AIRLINES,,,,,,,,,,,,,,,
T2009042,2009-08-11,,WAAS,,WAAS,,,,PG,,,,,,13,0,,0,,,"DHC-6 TWIN OTTER 
300",0,,AIRLINES PNG,,,,,,,,,,,,,,,
T2010006,2010-01-25,,WAAS,,WAAS,,,,BR,,,,,,2,0,,8,,EMBRAER,EMB-110,,,PIQUIATUBA TAXI AEREO,,,,,,,,,,,,,,,
T2010036,2010-06-19,,WAAS,,WAAS,,,,CG,,,,,,11,0,,0,,CASA,212-100,0,,AERO SERVICE (CONGO BRAZZAVILLE),,,,,,,,,,,,,,,
T2010045,2010-08-24,,WAAS,,WAAS,,,,NP,,,,,,14,0,,0,,DORNIER,228-100,0,,AGNI AIR,,,,,,,,,,,,,,,
T2010049,2010-09-13,,WAAS,,WAAS,,,,VE,,,,,,17,0,,34,,,ATR-42-300,0,,CONVIASA,,,,,,,,,,,,,,,
T2010061,2010-11-05,,WAAS,,WAAS,,,,PK,,,,,,21,0,,0,,BEECH,COMMUTER,1,,JS AIR,,,,,,,,,,,,,,,
T2010062,2010-11-04,,WAAS,,WAAS,,,,CU,,,,,,68,0,,0,,,ATR-72-210,0,,AEROCARIBBEAN,,,,,,,,,,,,,,,
T2010078,2010-12-15,,WAAS,,WAAS,,,,NP,,,,,,22,0,,0,,,"DHC-6 TWIN OTTER 
300",0,,TARA AIR,,,,,,,,,,,,,,,
T2011005,2011-02-10,,WAAS,,WAAS,,,,IE,,,,,,6,4,,2,,FAIRCHILD,SA-227AC,,,MANX2,,,,,,,,,,,,,,,
T2011028,2011-05-18,,WAAS,,WAAS,,,,AR,,,,,,22,0,,0,,SAAB,340A,,,SOL LINEAS AEREAS,,,,,,,,,,,,,,,
T2011047,2011-09-06,,WAAS,,WAAS,,,,BO,,,,,,8,1,,0,,FAIRCHILD,SA-227AC,,,AEROCON,,,,,,,,,,,,,,,
T2011050,2011-09-20,,WAAS,,WAAS,,,,HT,,,,,,3,0,,0,,BEECH,99A,,,SALSA D'HAITI,,,,,,,,,,,,,,,
T2011053,2011-09-25,,WAAS,,WAAS,,,,NP,,,,,,19,0,,0,,BEECH,COMMUTER,,,BUDDHA AIR,,,,,,,,,,,,,,,
T2011054,2011-09-29,,WAAS,,WAAS,,,,ID,,,,,,20,0,,0,,IPTN,212-200,0,,NUSANTARA BUANA AIR,,,,,,,,,,,,,,,
T2011057,2011-10-13,,WAAS,,WAAS,,,,PG,,,,,,28,2,,2,,DHC,DASH,0,,AIRLINES PNG,,,,,,,,,,,,,,,
T20120076,2012-12-22,,WAAS,,WAAS,,,,CA,,,,,,1,2,,6,,FAIRCHILD,SA-227AC,,,PERIMETER AIRLINES,,,,,,,,,,,,,,,
T2012018,2012-04-02,,WAAS,,WAAS,,,,RU,,,,,,33,10,,0,,,ATR-72-200,0,,UTAIR,,,,,,,,,,,,,,,
T2012019,2012-04-08,,WAAS,,WAAS,,,,ID,,,,,,1,4,,3,,,"DHC-6 TWIN OTTER 
300",0,,TRIGANA AIR,,,,,,,,,,,,,,,
T2012027,2012-05-14,,WAAS,,WAAS,,,,NP,,,,,,15,6,,0,,DORNIER,228-200,0,,AGNI AIR,,,,,,,,,,,,,,,
T2012058,2012-09-28,,WAAS,,WAAS,,,,NP,,,,,,19,0,,0,,DORNIER,228-200,0,,SITA AIR,,,,,,,,,,,,,,,
T20130039,2013-10-03,,WAAS,,WAAS,,,,NG,,,,,,15,5,,0,,EMBRAER,EMB-120,,,ASSOCIATED AVIATION,,,,,,,,,,,,,,,
T20130042,2013-10-10,,WAAS,,WAAS,,,,MY,,,,,,2,4,,10,,,"DHC-6 TWIN OTTER 
300",0,,MASWINGS,,,,,,,,,,,,,,,
T20130043,2013-10-16,,WAAS,,WAAS,,,,LA,,,,,,49,0,,0,,,ATR-72-600,0,,LAO AIRLINES,,,,,,,,,,,,,,,
T20130049,2013-11-03,,WAAS,,WAAS,,,,BO,,,,,,8,3,,7,,FAIRCHILD,SA-227AC,,,AEROCON,,,,,,,,,,,,,,,
T20130050,2013-11-10,,WAAS,,WAAS,,,,CA,,,,,,5,0,,2,,FAIRCHILD,SA-227AC,,,BEARSKIN AIRLINES,,,,,,,,,,,,,,,
T20140012,2014-02-16,,WAAS,,WAAS,,,,NP,,,,,,18,0,,0,,,"DHC-6 TWIN OTTER 
300",0,,NEPAL AIRLINES,,,,,,,,,,,,,,,
T20140034,2014-07-23,,WAAS,,WAAS,,,,TW,,,,,,48,10,,0,,,ATR-72-500,0,,TRANSASIA AIRWAYS,,,,,,,,,,,,,,,
T20140046,2014-09-20,,WAAS,,WAAS,,,,PG,,,,,,4,5,,0,,,"DHC-6 TWIN OTTER 
300",0,,HEVILIFT LTD,,,,,,,,,,,,,,,
T20150004,2015-02-04,,WAAS,,WAAS,,,,TW,,,,,,43,14,,1,,,ATR-72-600,0,,TRANSASIA AIRWAYS,,,,,,,,,,,,,,,
T20150043,2015-08-16,,WAAS,,WAAS,,,,ID,,,,,,54,0,,0,,,ATR-42-300,0,,TRIGANA AIR,,,,,,,,,,,,,,,
T20150057,2015-10-02,,WAAS,,WAAS,,,,ID,,,,,,10,0,,0,,,"DHC-6 TWIN OTTER 
300",0,,AVIASTAR MANDIRI,,,,,,,,,,,,,,,
T20160005,2016-02-24,,WAAS,,WAAS,,,,NP,,,,,,23,0,,0,,,"DHC-6 TWIN OTTER 
400 (VIKING)",,,TARA AIR,,,,,,,,,,,,,,,
